"";"DisNo.";"Historic";"Classification Key";"Disaster Group";"Disaster Subgroup";"Disaster Type";"Disaster Subtype";"External IDs";"Event Name";"ISO";"Country";"Subregion";"Region";"Location";"Origin";"Associated Types";"OFDA Response";"Appeal";"Declaration";"AID Contribution ('000 US$)";"Magnitude";"Magnitude Scale";"Latitude";"Longitude";"River Basin";"Start Year";"Start Month";"Start Day";"End Year";"End Month";"End Day";"Total Deaths";"No. Injured";"No. Affected";"No. Homeless";"Total Affected";"Reconstruction Costs ('000 US$)";"Reconstruction Costs, Adjusted ('000 US$)";"Insured Damage ('000 US$)";"Insured Damage, Adjusted ('000 US$)";"Total Damage ('000 US$)";"Total Damage, Adjusted ('000 US$)";"CPI";"Admin Units";"Entry Date";"Last Update"
"1";"2000-0163-CHN";"No";"nat-met-sto-sto";"Natural";"Meteorological";"Storm";"Storm (General)";NA;NA;"CHN";"China";"Eastern Asia";"Asia";"Ili Kazakh district (Xinjiang Uygur Zizhiqu province)";NA;NA;"No";"No";"No";NA;NA;"Kph";NA;NA;NA;2000;1;10;2000;1;10;9;4;18000;NA;18004;NA;NA;NA;NA;3100;5268;58,8406484917497;"[{""adm2_code"":13292,""adm2_name"":""Ili Kazakh""}]";"2003-07-01";"2023-09-25"
"2";"2000-0270-CHN";"No";"nat-met-sto-sto";"Natural";"Meteorological";"Storm";"Storm (General)";NA;NA;"CHN";"China";"Eastern Asia";"Asia";"Guangdong Sheng, Guangxi Zhuangzu Zizhiqu, Hainan Sheng provinces";NA;NA;"No";"No";"No";NA;NA;"Kph";NA;NA;NA;2000;5;1;2000;5;1;15;NA;NA;4500;4500;NA;NA;NA;NA;5000;8498;58,8406484917497;"[{""adm1_code"":903,""adm1_name"":""Guangdong Sheng""},{""adm1_code"":904,""adm1_name"":""Guangxi Zhuangzu Zizhiqu""},{""adm1_code"":906,""adm1_name"":""Hainan Sheng""}]";"2003-07-01";"2023-09-25"
"3";"2000-0425-CHN";"No";"nat-met-sto-tor";"Natural";"Meteorological";"Storm";"Tornado";NA;NA;"CHN";"China";"Eastern Asia";"Asia";"Baoying Xian, Gaoyou Shi, Yangzhou Shi areas (Yangzhou district, Jiangsu Sheng province), Xinghua Shi, Taizhou Shi areas (Taizhou district, Jiangsu Sheng province)";NA;NA;"No";"No";"No";NA;NA;"Kph";NA;NA;NA;2000;7;13;2000;7;13;11;500;NA;20000;20500;NA;NA;NA;NA;480;816;58,8406484917497;"[{""adm2_code"":13153,""adm2_name"":""Yangzhou""},{""adm2_code"":13155,""adm2_name"":""Taizhou""}]";"2003-07-01";"2023-09-25"
"4";"2000-0532-CHN";"No";"nat-met-sto-sto";"Natural";"Meteorological";"Storm";"Storm (General)";NA;NA;"CHN";"China";"Eastern Asia";"Asia";"Nanzheng Xian, Liuba Xian areas (Hanzhong district, Shaanxi Sheng province)";NA;NA;"No";"No";"No";NA;NA;"Kph";NA;NA;NA;2000;8;NA;2000;8;NA;10;30;NA;NA;30;NA;NA;NA;NA;13288;22583;58,8406484917497;"[{""adm2_code"":13221,""adm2_name"":""Hanzhong""}]";"2003-07-01";"2023-09-25"
"5";"2000-0533-CHN";"No";"nat-met-sto-tro";"Natural";"Meteorological";"Storm";"Tropical cyclone";NA;"Bilis";"CHN";"China";"Eastern Asia";"Asia";"Leqing Shi area (Wenzhou district, Zhejiang Sheng province), Fuzhou district (Fujian Sheng province)";NA;NA;"No";"No";"No";NA;NA;"Kph";NA;NA;NA;2000;8;23;2000;8;23;11;47;NA;4475;4522;NA;NA;NA;NA;69443;118019;58,8406484917497;"[{""adm2_code"":13005,""adm2_name"":""Fuzhou""},{""adm2_code"":13321,""adm2_name"":""Wenzhou""}]";"2003-07-01";"2023-09-25"
"6";"2000-0556-CHN";"No";"nat-met-sto-tro";"Natural";"Meteorological";"Storm";"Tropical cyclone";NA;"Prapiroon";"CHN";"China";"Eastern Asia";"Asia";"Xiangshui Xian area (Yancheng district, Jiangsu Sheng province)";NA;NA;"No";"No";"No";NA;NA;"Kph";NA;NA;NA;2000;8;NA;2000;8;NA;4;80;NA;37690;37770;NA;NA;NA;NA;10;17;58,8406484917497;"[{""adm2_code"":13152,""adm2_name"":""Yancheng""}]";"2003-07-01";"2023-09-25"
"7";"2000-0557-CHN";"No";"nat-met-sto-tro";"Natural";"Meteorological";"Storm";"Tropical cyclone";NA;"Maria";"CHN";"China";"Eastern Asia";"Asia";"Hunan Sheng, Guangdong Sheng provinces";NA;"Flood";"No";"No";"No";NA;160;"Kph";NA;NA;NA;2000;9;1;2000;9;6;47;NA;46000;NA;46000;NA;NA;NA;NA;169000;287216;58,8406484917497;"[{""adm1_code"":903,""adm1_name"":""Guangdong Sheng""},{""adm1_code"":912,""adm1_name"":""Hunan Sheng""}]";"2006-07-20";"2023-09-25"
"8";"2001-0008-CHN";"No";"nat-met-sto-bli";"Natural";"Meteorological";"Storm";"Blizzard/Winter storm";NA;NA;"CHN";"China";"Eastern Asia";"Asia";"Xilin Gol, Xing'an, Hulunbuir, Ulaan Chab, Chifeng, Tongliao districts (Nei Mongol Zizhiqu province)";NA;NA;"Yes";"No";"No";NA;232000;"Kph";NA;NA;NA;2001;1;1;2001;2;17;49;78098;2496773;NA;2574871;NA;NA;NA;NA;12000;19834;60,5035788853056;"[{""adm2_code"":13194,""adm2_name"":""Chifeng""},{""adm2_code"":13195,""adm2_name"":""Hulunbuir""},{""adm2_code"":13196,""adm2_name"":""Xing'an""},{""adm2_code"":13197,""adm2_name"":""Tongliao""},{""adm2_code"":13198,""adm2_name"":""Xilin Gol""},{""adm2_code"":13199,""adm2_name"":""Ulaan Chab""}]";"2005-12-09";"2023-09-25"
"9";"2001-0292-CHN";"No";"nat-met-sto-tro";"Natural";"Meteorological";"Storm";"Tropical cyclone";NA;"Chebi";"CHN";"China";"Eastern Asia";"Asia";"Fujian Sheng, Zhejiang Sheng provinces";NA;NA;"No";"No";"No";NA;NA;"Kph";NA;NA;NA;2001;6;23;2001;6;25;125;NA;2895000;213000;3108000;NA;NA;120000;198335;470000;776814;60,5035788853056;"[{""adm1_code"":901,""adm1_name"":""Fujian Sheng""},{""adm1_code"":930,""adm1_name"":""Zhejiang Sheng""}]";"2005-12-09";"2023-09-25"
"10";"2001-0322-CHN";"No";"nat-met-sto-tro";"Natural";"Meteorological";"Storm";"Tropical cyclone";NA;"Durian and Utor";"CHN";"China";"Eastern Asia";"Asia";"Hepu Xian area (Beihai district, Guangxi Zhuangzu Zizhiqu province), Shangsi Xian, Fangchenggang Shi areas (Fangchenggang district, Guangxi Zhuangzu Zizhiqu province), Ningming Xian, Long'an Xian, Heng Xian areas (Chongzuo district, Guangxi Zhuangzu Zizhiqu province), Tianyang Xian, Tiandong Xian, Pingguo Xian, Baise Shi areas (Baise district, Guangxi Zhuangzu Zizhiqu province), Nanning district (Guangxi Zhuangzu Zizhiqu province), Zhanjiang, Yangjiang, Maoming, Jiangmen, Yunfu, Zhaoqing, Shanwei, Shantou, Jieyang, Chaozhou, Meizhou, Huizhou, Dongguan districts (Guangdong Sheng province)";NA;NA;"No";"No";"No";NA;169;"Kph";NA;NA;NA;2001;7;1;2001;7;1;33;8298;14990000;NA;14998298;NA;NA;20000;33056;2743000;4533616;60,5035788853056;"[{""adm2_code"":13032,""adm2_name"":""Shantou""},{""adm2_code"":13034,""adm2_name"":""Jiangmen""},{""adm2_code"":13035,""adm2_name"":""Zhanjiang""},{""adm2_code"":13036,""adm2_name"":""Maoming""},{""adm2_code"":13037,""adm2_name"":""Zhaoqing""},{""adm2_code"":13038,""adm2_name"":""Huizhou""},{""adm2_code"":13039,""adm2_name"":""Meizhou""},{""adm2_code"":13040,""adm2_name"":""Shanwei""},{""adm2_code"":13042,""adm2_name"":""Yangjiang""},{""adm2_code"":13044,""adm2_name"":""Dongguan""},{""adm2_code"":13046,""adm2_name"":""Chaozhou""},{""adm2_code"":13047,""adm2_name"":""Jieyang""},{""adm2_code"":13048,""adm2_name"":""Yunfu""},{""adm2_code"":13049,""adm2_name"":""Nanning""},{""adm2_code"":13053,""adm2_name"":""Beihai""},{""adm2_code"":13054,""adm2_name"":""Fangchenggang""},{""adm2_code"":13058,""adm2_name"":""Chongzuo""},{""adm2_code"":13061,""adm2_name"":""Baise""}]";"2003-07-01";"2023-09-25"
"11";"2001-0405-CHN";"No";"nat-met-sto-tro";"Natural";"Meteorological";"Storm";"Tropical cyclone";NA;"Toraji";"CHN";"China";"Eastern Asia";"Asia";"Guangdong Sheng, Guangxi Zhuangzu Zizhiqu, Hainan Sheng provinces";NA;NA;"No";"No";"No";NA;NA;"Kph";NA;NA;NA;2001;7;25;2001;8;1;100;NA;NA;NA;NA;NA;NA;NA;NA;40000;66112;60,5035788853056;"[{""adm1_code"":903,""adm1_name"":""Guangdong Sheng""},{""adm1_code"":904,""adm1_name"":""Guangxi Zhuangzu Zizhiqu""},{""adm1_code"":906,""adm1_name"":""Hainan Sheng""}]";"2007-04-18";"2023-09-25"
"12";"2001-0419-CHN";"No";"nat-met-sto-tro";"Natural";"Meteorological";"Storm";"Tropical cyclone";NA;"Yutu";"CHN";"China";"Eastern Asia";"Asia";"Guangdong Sheng province";NA;NA;"No";"No";"No";NA;150;"Kph";NA;NA;NA;2001;7;24;2001;7;24;NA;NA;23250;NA;23250;NA;NA;NA;NA;85000;140488;60,5035788853056;"[{""adm1_code"":903,""adm1_name"":""Guangdong Sheng""}]";"2003-07-01";"2023-09-25"
"13";"2001-0795-CHN";"No";"nat-met-sto-lig";"Natural";"Meteorological";"Storm";"Lightning/Thunderstorms";NA;NA;"CHN";"China";"Eastern Asia";"Asia";"Guangdong Sheng province";NA;NA;"No";"No";"No";NA;NA;"Kph";NA;NA;NA;2001;3;25;2001;3;26;6;245;NA;50000;50245;NA;NA;NA;NA;24000;39667;60,5035788853056;"[{""adm1_code"":903,""adm1_name"":""Guangdong Sheng""}]";"2006-07-20";"2023-09-25"
"14";"2001-0796-CHN";"No";"nat-met-sto-tro";"Natural";"Meteorological";"Storm";"Tropical cyclone";NA;"Fitow";"CHN";"China";"Eastern Asia";"Asia";"Guangdong Sheng, Hainan Sheng, Guangxi Zhuangzu Zizhiqu provinces";NA;NA;"No";"No";"No";NA;NA;"Kph";NA;NA;NA;2001;8;28;2001;9;9;4;NA;NA;NA;NA;NA;NA;NA;NA;213000;352045;60,5035788853056;"[{""adm1_code"":903,""adm1_name"":""Guangdong Sheng""},{""adm1_code"":904,""adm1_name"":""Guangxi Zhuangzu Zizhiqu""},{""adm1_code"":906,""adm1_name"":""Hainan Sheng""}]";"2006-07-20";"2023-09-25"
"15";"2002-0406-CHN";"No";"nat-met-sto-sto";"Natural";"Meteorological";"Storm";"Storm (General)";NA;"Rammasun";"CHN";"China";"Eastern Asia";"Asia";"Shanghai Shi, Zhejiang Sheng provinces";NA;NA;"No";"No";"No";NA;NA;"Kph";NA;NA;NA;2002;7;5;2002;7;7;5;44;2700;NA;2744;NA;NA;NA;NA;85000;138294;61,4631882611914;"[{""adm1_code"":922,""adm1_name"":""Shanghai Shi""},{""adm1_code"":930,""adm1_name"":""Zhejiang Sheng""}]";"2008-03-21";"2023-09-25"
"16";"2002-0570-CHN";"No";"nat-met-sto-sto";"Natural";"Meteorological";"Storm";"Storm (General)";NA;"Sinlaku";"CHN";"China";"Eastern Asia";"Asia";"Cangnan Xian area (Wenzhou district, Zheijiang province), Fuding Shi, Xiapu Xian areas (Ningde district, Fujian province)";NA;NA;"No";"No";"No";NA;NA;"Kph";NA;NA;NA;2002;9;7;2002;9;8;26;40;7e+06;NA;7000040;NA;NA;NA;NA;1e+05;162699;61,4631882611914;"[{""adm2_code"":13013,""adm2_name"":""Ningde""},{""adm2_code"":13321,""adm2_name"":""Wenzhou""}]";"2008-03-22";"2023-09-25"
"17";"2002-0803-CHN";"No";"nat-met-sto-tor";"Natural";"Meteorological";"Storm";"Tornado";NA;NA;"CHN";"China";"Eastern Asia";"Asia";"Leizhou Shi, Lianjiang Shi, Zhanjiang Shi, Suixi Xian areas (Zhanjiang district, Guangdong province)";NA;NA;"No";"No";"No";NA;0;"Kph";NA;NA;NA;2002;12;25;2002;12;25;27;110;220000;NA;220110;NA;NA;NA;NA;33000;53691;61,4631882611914;"[{""adm2_code"":13035,""adm2_name"":""Zhanjiang""}]";"2003-07-01";"2023-09-25"
"18";"2003-0346-CHN";"No";"nat-met-sto-tro";"Natural";"Meteorological";"Storm";"Tropical cyclone";NA;"Imbudo";"CHN";"China";"Eastern Asia";"Asia";"Guangxi Zhuangzu Zizhiqu, Guangdong Sheng provinces";NA;NA;"No";"No";"No";NA;NA;"Kph";NA;NA;NA;2003;7;24;2003;7;24;20;20;7400000;NA;7400020;NA;NA;NA;NA;1e+05;159088;62,8584595000413;"[{""adm1_code"":903,""adm1_name"":""Guangdong Sheng""},{""adm1_code"":904,""adm1_name"":""Guangxi Zhuangzu Zizhiqu""}]";"2003-07-30";"2023-09-25"
"19";"2003-0443-CHN";"No";"nat-met-sto-tro";"Natural";"Meteorological";"Storm";"Tropical cyclone";NA;"Dujuan";"CHN";"China";"Eastern Asia";"Asia";"Guangdong Sheng, Fujian Sheng provinces";NA;NA;"No";"No";"No";NA;NA;"Kph";NA;NA;NA;2003;9;1;2003;9;3;38;1000;NA;68925;69925;NA;NA;NA;NA;241000;383401;62,8584595000413;"[{""adm1_code"":901,""adm1_name"":""Fujian Sheng""},{""adm1_code"":903,""adm1_name"":""Guangdong Sheng""}]";"2005-12-09";"2023-09-25"
"20";"2003-0594-CHN";"No";"nat-met-sto-tro";"Natural";"Meteorological";"Storm";"Tropical cyclone";NA;"Nepartak";"CHN";"China";"Eastern Asia";"Asia";"Hainan Sheng province";NA;NA;"No";"No";"No";NA;NA;"Kph";NA;NA;NA;2003;11;18;2003;11;18;NA;NA;1720000;NA;1720000;NA;NA;NA;NA;196938;313304;62,8584595000413;"[{""adm1_code"":906,""adm1_name"":""Hainan Sheng""}]";"2003-12-08";"2023-09-25"
"21";"2004-0182-CHN";"No";"nat-met-sto-hai";"Natural";"Meteorological";"Storm";"Hail";NA;NA;"CHN";"China";"Eastern Asia";"Asia";"Hengyang Shi, Hengyang Xian, Hengnan Xian areas (Hengyang district, Hunan Sheng province)";NA;"Hail";"No";"No";"No";NA;NA;"Kph";NA;NA;NA;2004;4;21;2004;4;21;7;207;NA;700;907;NA;NA;NA;NA;6000;9296;64,5413292817447;"[{""adm2_code"":13133,""adm2_name"":""Hengyang""}]";"2005-03-08";"2023-09-25"
"22";"2004-0292-CHN";"No";"nat-met-sto-sto";"Natural";"Meteorological";"Storm";"Storm (General)";NA;NA;"CHN";"China";"Eastern Asia";"Asia";"Xinjiang Uygur Zizhiqu province";NA;"Fire";"No";"No";"No";NA;90;"Kph";NA;NA;NA;2004;6;1;2004;6;4;NA;7;NA;1000;1007;NA;NA;NA;NA;280;434;64,5413292817447;"[{""adm1_code"":927,""adm1_name"":""Xinjiang Uygur Zizhiqu""}]";"2004-07-01";"2023-09-25"
"23";"2004-0301-CHN";"No";"nat-met-sto-hai";"Natural";"Meteorological";"Storm";"Hail";NA;NA;"CHN";"China";"Eastern Asia";"Asia";"Handan district (Hebei Sheng province)";NA;"Hail";"No";"No";"No";NA;NA;"Kph";NA;NA;NA;2004;6;20;2004;6;20;NA;32;640000;NA;640032;NA;NA;NA;NA;12700;19677;64,5413292817447;"[{""adm2_code"":13078,""adm2_name"":""Handan""}]";"2004-07-02";"2023-09-25"
"24";"2004-0412-CHN";"No";"nat-met-sto-tro";"Natural";"Meteorological";"Storm";"Tropical cyclone";NA;"Rananim (Karen/16W)";"CHN";"China";"Eastern Asia";"Asia";"Taizhou, Wenzhou, Ningbo, Shaoxing districts (Zheijang Sheng province)";NA;NA;"No";"No";"No";NA;165;"Kph";NA;NA;NA;2004;8;6;2004;8;12;188;4000;8590000;468000;9062000;NA;NA;NA;NA;2190000;3393175;64,5413292817447;"[{""adm2_code"":13320,""adm2_name"":""Ningbo""},{""adm2_code"":13321,""adm2_name"":""Wenzhou""},{""adm2_code"":13324,""adm2_name"":""Shaoxing""},{""adm2_code"":13328,""adm2_name"":""Taizhou""}]";"2006-05-05";"2023-09-25"
"25";"2004-0435-CHN";"No";"nat-met-sto-tro";"Natural";"Meteorological";"Storm";"Tropical cyclone";NA;"Aere (Marce/20W)";"CHN";"China";"Eastern Asia";"Asia";"Zhejiang Sheng, Fujian Sheng provinces";NA;"Flood";"No";"No";"No";NA;140;"Kph";NA;NA;NA;2004;8;20;2004;8;23;2;7;NA;41350;41357;NA;NA;NA;NA;5000;7747;64,5413292817447;"[{""adm1_code"":901,""adm1_name"":""Fujian Sheng""},{""adm1_code"":930,""adm1_name"":""Zhejiang Sheng""}]";"2006-05-05";"2023-09-25"
"26";"2004-0677-CHN";"No";"nat-met-sto-tor";"Natural";"Meteorological";"Storm";"Tornado";NA;NA;"CHN";"China";"Eastern Asia";"Asia";"Lufeng Shi area (Shanwei district, Guangdong province), Huilai Xian area (Jieyang district, Guangdong province)";NA;NA;"No";"No";"No";NA;NA;"Kph";NA;NA;NA;2004;5;8;2004;5;8;6;100;NA;462;562;NA;NA;NA;NA;4000;6198;64,5413292817447;"[{""adm2_code"":13040,""adm2_name"":""Shanwei""},{""adm2_code"":13047,""adm2_name"":""Jieyang""}]";"2005-03-08";"2023-09-25"
"27";"2005-0123-CHN";"No";"nat-met-sto-sto";"Natural";"Meteorological";"Storm";"Storm (General)";NA;NA;"CHN";"China";"Eastern Asia";"Asia";"Yunnan Sheng province";NA;"Cold wave";"No";"No";"No";NA;NA;"Kph";NA;NA;NA;2005;3;3;2005;3;12;36;NA;8e+06;NA;8e+06;NA;NA;NA;NA;3e+05;449566;66,7310579862028;"[{""adm1_code"":929,""adm1_name"":""Yunnan Sheng""}]";"2005-04-01";"2023-09-25"
"28";"2005-0188-CHN";"No";"nat-met-sto-sto";"Natural";"Meteorological";"Storm";"Storm (General)";NA;NA;"CHN";"China";"Eastern Asia";"Asia";"Sichuan Sheng, Chongqing Shi provinces";"Torrential rains";"Hail|Rain";"No";"No";"No";NA;NA;"Kph";NA;NA;NA;2005;4;8;2005;4;8;19;55;458800;NA;458855;NA;NA;NA;NA;16915;25348;66,7310579862028;"[{""adm1_code"":900,""adm1_name"":""Chongqing Shi""},{""adm1_code"":924,""adm1_name"":""Sichuan Sheng""}]";"2005-04-25";"2023-09-25"
"29";"2005-0312-CHN";"No";"nat-met-sto-hai";"Natural";"Meteorological";"Storm";"Hail";NA;NA;"CHN";"China";"Eastern Asia";"Asia";"Beijing Shi province";NA;"Hail";"No";"No";"No";NA;NA;"Kph";NA;NA;NA;2005;5;31;2005;5;31;NA;NA;90000;NA;90000;NA;NA;NA;NA;6000;8991;66,7310579862028;"[{""adm1_code"":899,""adm1_name"":""Beijing Shi""}]";"2005-06-13";"2023-09-25"
"30";"2005-0381-CHN";"No";"nat-met-sto-tro";"Natural";"Meteorological";"Storm";"Tropical cyclone";NA;"Haitang (Feria/05W)";"CHN";"China";"Eastern Asia";"Asia";"Wenzhou Shi, Pingyang Xian areas (Wenzhou district, Zhejiang Sheng province)";NA;"Flood";"No";"No";"No";NA;260;"Kph";NA;NA;NA;2005;7;15;2005;7;19;9;NA;1e+06;13000;1013000;NA;NA;85000;127377;1e+06;1498553;66,7310579862028;"[{""adm2_code"":13321,""adm2_name"":""Wenzhou""}]";"2006-05-04";"2023-09-25"
"31";"2005-0395-CHN";"No";"nat-met-sto-sto";"Natural";"Meteorological";"Storm";"Storm (General)";NA;NA;"CHN";"China";"Eastern Asia";"Asia";"Jiangsu Sheng, Anhui Sheng, Shandong Sheng, Sichuan Sheng, Hunan Sheng, Guizhou Sheng provinces";NA;"Hail";"No";"No";"No";NA;NA;"Kph";NA;NA;NA;2005;6;13;2005;6;14;8;223;825000;NA;825223;NA;NA;NA;NA;149000;223284;66,7310579862028;"[{""adm1_code"":898,""adm1_name"":""Anhui Sheng""},{""adm1_code"":905,""adm1_name"":""Guizhou Sheng""},{""adm1_code"":912,""adm1_name"":""Hunan Sheng""},{""adm1_code"":913,""adm1_name"":""Jiangsu Sheng""},{""adm1_code"":921,""adm1_name"":""Shandong Sheng""},{""adm1_code"":924,""adm1_name"":""Sichuan Sheng""}]";"2006-03-03";"2023-09-25"
"32";"2005-0419-CHN";"No";"nat-met-sto-tro";"Natural";"Meteorological";"Storm";"Tropical cyclone";NA;"Matsa (Gorio/09W)";"CHN";"China";"Eastern Asia";"Asia";"Shanghai Shi, Jiangsu Sheng, Shandong Sheng, Anhui Sheng, Zhejiang Sheng provinces";NA;"Rain|Slide (land, mud, snow, rock)";"No";"No";"No";NA;165;"Kph";NA;NA;NA;2005;7;30;2005;8;4;10;NA;1240000;NA;1240000;NA;NA;85000;127377;850000;1273770;66,7310579862028;"[{""adm1_code"":898,""adm1_name"":""Anhui Sheng""},{""adm1_code"":913,""adm1_name"":""Jiangsu Sheng""},{""adm1_code"":921,""adm1_name"":""Shandong Sheng""},{""adm1_code"":922,""adm1_name"":""Shanghai Shi""},{""adm1_code"":930,""adm1_name"":""Zhejiang Sheng""}]";"2007-02-21";"2023-09-25"
"33";"2005-0492-CHN";"No";"nat-met-sto-tro";"Natural";"Meteorological";"Storm";"Tropical cyclone";NA;"Talim";"CHN";"China";"Eastern Asia";"Asia";"Anhui Sheng, Zhejiang Sheng, Fujian Sheng, Jiangxi Sheng, Hubei Sheng provinces";NA;"Flood|Slide (land, mud, snow, rock)";"No";"No";"No";86;NA;"Kph";NA;NA;NA;2005;9;1;2005;9;1;159;NA;19624000;NA;19624000;NA;NA;NA;NA;1900000;2847250;66,7310579862028;"[{""adm1_code"":898,""adm1_name"":""Anhui Sheng""},{""adm1_code"":901,""adm1_name"":""Fujian Sheng""},{""adm1_code"":911,""adm1_name"":""Hubei Sheng""},{""adm1_code"":914,""adm1_name"":""Jiangxi Sheng""},{""adm1_code"":930,""adm1_name"":""Zhejiang Sheng""}]";"2005-12-19";"2023-09-25"
"34";"2005-0510-CHN";"No";"nat-met-sto-tro";"Natural";"Meteorological";"Storm";"Tropical cyclone";NA;"Khanun (15)";"CHN";"China";"Eastern Asia";"Asia";"Shanghai Shi, Zheijiang Sheng, Jiangsu Sheng provinces";NA;"Flood|Slide (land, mud, snow, rock)";"No";"No";"No";NA;NA;"Kph";NA;NA;NA;2005;9;11;2005;9;13;25;8;1350000;NA;1350008;NA;NA;78000;116887;1750000;2622467;66,7310579862028;"[{""adm1_code"":913,""adm1_name"":""Jiangsu Sheng""},{""adm1_code"":922,""adm1_name"":""Shanghai Shi""},{""adm1_code"":930,""adm1_name"":""Zhejiang Sheng""}]";"2005-12-05";"2023-09-25"
"35";"2005-0540-CHN";"No";"nat-met-sto-tro";"Natural";"Meteorological";"Storm";"Tropical cyclone";NA;"Damrey";"CHN";"China";"Eastern Asia";"Asia";"Hainan Sheng, Guangdong Sheng, Guangxi Zhuangzu Zizhiqu provinces";NA;"Rain";"No";"No";"Yes";NA;198;"Kph";NA;NA;NA;2005;9;26;2005;9;26;25;NA;5719000;NA;5719000;NA;NA;NA;NA;1040000;1558495;66,7310579862028;"[{""adm1_code"":903,""adm1_name"":""Guangdong Sheng""},{""adm1_code"":904,""adm1_name"":""Guangxi Zhuangzu Zizhiqu""},{""adm1_code"":906,""adm1_name"":""Hainan Sheng""}]";"2007-07-20";"2023-09-25"
"36";"2005-0565-CHN";"No";"nat-met-sto-tro";"Natural";"Meteorological";"Storm";"Tropical cyclone";NA;"Longwang";"CHN";"China";"Eastern Asia";"Asia";"Fujian Sheng, Guangdong Sheng provinces";NA;"Flood|Slide (land, mud, snow, rock)";"No";"No";"No";NA;NA;"Kph";NA;NA;NA;2005;10;2;2005;10;2;95;NA;2460000;NA;2460000;NA;NA;NA;NA;150000;224783;66,7310579862028;"[{""adm1_code"":901,""adm1_name"":""Fujian Sheng""},{""adm1_code"":903,""adm1_name"":""Guangdong Sheng""}]";"2005-10-15";"2023-09-25"
"37";"2006-0251-CHN";"No";"nat-met-sto-tro";"Natural";"Meteorological";"Storm";"Tropical cyclone";NA;"Chanchu (Caloy)";"CHN";"China";"Eastern Asia";"Asia";"Shantou district (Guangdong province), Fujian province";NA;"Flood|Slide (land, mud, snow, rock)";"No";"No";"No";NA;NA;"Kph";25,97;118,77;NA;2006;5;18;2006;5;22;23;NA;3150000;NA;3150000;NA;NA;NA;NA;475000;689567;68,8837587123464;"[{""adm1_code"":901,""adm1_name"":""Fujian Sheng""},{""adm2_code"":13032,""adm2_name"":""Shantou""}]";"2007-01-05";"2023-09-25"
"38";"2006-0362-CHN";"No";"nat-met-sto-tro";"Natural";"Meteorological";"Storm";"Tropical cyclone";NA;"Bilis";"CHN";"China";"Eastern Asia";"Asia";"Fujian Sheng, Hunan Sheng, Guangdong Sheng, Jiangxi Sheng, Zhejiang Sheng, Guangxi Zhuangzu Zizhiqu provinces";NA;"Flood|Slide (land, mud, snow, rock)";"No";"No";"No";NA;NA;"Kph";24;112,11;NA;2006;7;16;2006;7;19;820;NA;29622000;NA;29622000;NA;NA;NA;NA;3325000;4826972;68,8837587123464;"[{""adm1_code"":901,""adm1_name"":""Fujian Sheng""},{""adm1_code"":903,""adm1_name"":""Guangdong Sheng""},{""adm1_code"":904,""adm1_name"":""Guangxi Zhuangzu Zizhiqu""},{""adm1_code"":912,""adm1_name"":""Hunan Sheng""},{""adm1_code"":914,""adm1_name"":""Jiangxi Sheng""},{""adm1_code"":930,""adm1_name"":""Zhejiang Sheng""}]";"2007-01-06";"2023-09-25"
"39";"2006-0388-CHN";"No";"nat-met-sto-tro";"Natural";"Meteorological";"Storm";"Tropical cyclone";NA;"Kaemi";"CHN";"China";"Eastern Asia";"Asia";"Jiangxi Sheng, Fujian Sheng, Zhejiang Sheng, Guangdong Sheng, Hunan Sheng provinces";NA;"Flood|Slide (land, mud, snow, rock)";"No";"No";"No";NA;NA;"Kph";26,39;117,28;NA;2006;7;24;2006;7;28;109;NA;6531000;NA;6531000;NA;NA;NA;NA;367000;532782;68,8837587123464;"[{""adm1_code"":901,""adm1_name"":""Fujian Sheng""},{""adm1_code"":903,""adm1_name"":""Guangdong Sheng""},{""adm1_code"":912,""adm1_name"":""Hunan Sheng""},{""adm1_code"":914,""adm1_name"":""Jiangxi Sheng""},{""adm1_code"":930,""adm1_name"":""Zhejiang Sheng""}]";"2007-01-06";"2023-09-25"
"40";"2006-0410-CHN";"No";"nat-met-sto-tro";"Natural";"Meteorological";"Storm";"Tropical cyclone";NA;"Prapiroon";"CHN";"China";"Eastern Asia";"Asia";"Guangdong Sheng, Guangxi Zhuangzu Zizhiqu, Hainan Sheng provinces";NA;"Slide (land, mud, snow, rock)";"No";"No";"No";NA;NA;"Kph";21,11;110,11;NA;2006;8;3;2006;8;6;89;NA;1e+07;NA;1e+07;NA;NA;NA;NA;9e+05;1306549;68,8837587123464;"[{""adm1_code"":903,""adm1_name"":""Guangdong Sheng""},{""adm1_code"":904,""adm1_name"":""Guangxi Zhuangzu Zizhiqu""},{""adm1_code"":906,""adm1_name"":""Hainan Sheng""}]";"2007-01-06";"2023-09-25"
"41";"2006-0437-CHN";"No";"nat-met-sto-tro";"Natural";"Meteorological";"Storm";"Tropical cyclone";NA;"Saomai";"CHN";"China";"Eastern Asia";"Asia";"Zhejiang Sheng, Fujian Sheng provinces";NA;"Flood";"No";"No";"No";NA;216;"Kph";NA;NA;NA;2006;8;6;2006;8;11;441;1350;5920000;2000;5923350;NA;NA;NA;NA;2510000;3643820;68,8837587123464;"[{""adm1_code"":901,""adm1_name"":""Fujian Sheng""},{""adm1_code"":930,""adm1_name"":""Zhejiang Sheng""}]";"2007-03-15";"2023-09-25"
"42";"2006-0745-CHN";"No";"nat-met-sto-hai";"Natural";"Meteorological";"Storm";"Hail";NA;NA;"CHN";"China";"Eastern Asia";"Asia";"Heze, Linyi, Zaozhuang, Jining, Liaocheng districts (Shandong Sheng province)";NA;"Hail";"No";"No";"No";NA;NA;"Kph";NA;NA;NA;2006;4;26;2006;4;28;17;58;NA;6400;6458;NA;NA;NA;NA;282000;409385;68,8837587123464;"[{""adm2_code"":13228,""adm2_name"":""Zaozhuang""},{""adm2_code"":13232,""adm2_name"":""Jining""},{""adm2_code"":13237,""adm2_name"":""Linyi""},{""adm2_code"":13239,""adm2_name"":""Liaocheng""},{""adm2_code"":13241,""adm2_name"":""Heze""}]";"2007-03-18";"2023-09-25"
"43";"2007-0137-CHN";"No";"nat-met-sto-sto";"Natural";"Meteorological";"Storm";"Storm (General)";NA;NA;"CHN";"China";"Eastern Asia";"Asia";"Xuanhan Xian area (Dazhou district, Sichuan Sheng province), Chongqing Shi province";NA;"Hail";"No";"No";"No";NA;NA;"Kph";NA;NA;NA;2007;4;1;2007;4;1;13;NA;1e+06;NA;1e+06;NA;NA;NA;NA;26000;36698;70,848792703253;"[{""adm1_code"":900,""adm1_name"":""Chongqing Shi""},{""adm2_code"":13268,""adm2_name"":""Dazhou""}]";"2007-04-11";"2023-09-25"
"44";"2007-0297-CHN";"No";"nat-met-sto-tor";"Natural";"Meteorological";"Storm";"Tornado";"GLIDE:ST-2007-000242";NA;"CHN";"China";"Eastern Asia";"Asia";"Tianchang Shi area (Chuzhou district, Anhui Sheng province), Gaoyou Shi area (Yangzhou district, Jiangsu Sheng province)";NA;"Rain";"No";"No";"No";NA;NA;"Kph";NA;NA;NA;2007;7;5;2007;7;5;21;239;NA;4075;4314;NA;NA;NA;NA;7200;10162;70,848792703253;"[{""adm2_code"":12993,""adm2_name"":""Chuzhou""},{""adm2_code"":13153,""adm2_name"":""Yangzhou""}]";"2008-08-01";"2023-09-25"
"45";"2007-0380-CHN";"No";"nat-met-sto-tro";"Natural";"Meteorological";"Storm";"Tropical cyclone";"GLIDE:TC-2007-000137";"Sepat";"CHN";"China";"Eastern Asia";"Asia";"Hunan Sheng, Jiangxi Sheng, Fujian Sheng, Zhejiang Sheng, Guangdong Sheng provinces";NA;"Flood";"No";"No";"No";NA;NA;"Kph";NA;NA;NA;2007;8;18;2007;8;21;39;NA;8e+06;NA;8e+06;NA;NA;NA;NA;890555;1256980;70,848792703253;"[{""adm1_code"":901,""adm1_name"":""Fujian Sheng""},{""adm1_code"":903,""adm1_name"":""Guangdong Sheng""},{""adm1_code"":912,""adm1_name"":""Hunan Sheng""},{""adm1_code"":914,""adm1_name"":""Jiangxi Sheng""},{""adm1_code"":930,""adm1_name"":""Zhejiang Sheng""}]";"2008-08-04";"2023-09-25"
"46";"2007-0457-CHN";"No";"nat-met-sto-tro";"Natural";"Meteorological";"Storm";"Tropical cyclone";"GLIDE:TC-2007-000162";"Wipha/Goring";"CHN";"China";"Eastern Asia";"Asia";"Zhejiang Sheng province";NA;"Flood|Slide (land, mud, snow, rock)";"No";"No";"No";NA;NA;"Kph";NA;NA;NA;2007;9;20;2007;9;20;9;NA;NA;NA;NA;NA;NA;NA;NA;638000;900509;70,848792703253;"[{""adm1_code"":930,""adm1_name"":""Zhejiang Sheng""}]";"2008-08-04";"2023-09-25"
"47";"2007-0552-CHN";"No";"nat-met-sto-tro";"Natural";"Meteorological";"Storm";"Tropical cyclone";"GLIDE:TC-2007-000179";"Krosa";"CHN";"China";"Eastern Asia";"Asia";"Zhejiang Sheng, Fujian Sheng provinces";NA;"Flood";"No";"No";"No";NA;240;"Kph";NA;NA;NA;2007;10;2;2007;10;8;NA;NA;NA;NA;NA;NA;NA;NA;NA;1077788;1521251;70,848792703253;"[{""adm1_code"":901,""adm1_name"":""Fujian Sheng""},{""adm1_code"":930,""adm1_name"":""Zhejiang Sheng""}]";"2008-08-01";"2023-09-25"
"48";"2008-0155-CHN";"No";"nat-met-sto-tro";"Natural";"Meteorological";"Storm";"Tropical cyclone";"GLIDE:TC-2008-000047";"Typhoon ""Neoguri"" (Ambo)";"CHN";"China";"Eastern Asia";"Asia";"Hainan Sheng, Guangdong Sheng provinces";NA;"Flood|Slide (land, mud, snow, rock)";"No";"No";"No";NA;175;"Kph";NA;NA;NA;2008;4;19;2008;4;19;25;NA;274000;NA;274000;NA;NA;NA;NA;49000;66604;73,5687455355046;"[{""adm1_code"":903,""adm1_name"":""Guangdong Sheng""},{""adm1_code"":906,""adm1_name"":""Hainan Sheng""}]";"2009-03-18";"2023-09-25"
"49";"2008-0249-CHN";"No";"nat-met-sto-tro";"Natural";"Meteorological";"Storm";"Tropical cyclone";"GLIDE:TC-2008-000093";"Typhoon Fengshen (Franck)";"CHN";"China";"Eastern Asia";"Asia";"Sichuan Sheng, Guangdong Sheng, Jiangxi Sheng provinces";NA;"Flood";"No";"No";"No";NA;NA;"Kph";23,542;112,3;NA;2008;6;24;2008;6;27;14;NA;340000;NA;340000;NA;NA;NA;NA;175000;237873;73,5687455355046;"[{""adm1_code"":903,""adm1_name"":""Guangdong Sheng""},{""adm1_code"":914,""adm1_name"":""Jiangxi Sheng""},{""adm1_code"":924,""adm1_name"":""Sichuan Sheng""}]";"2010-02-09";"2023-09-25"
"50";"2008-0292-CHN";"No";"nat-met-sto-tro";"Natural";"Meteorological";"Storm";"Tropical cyclone";NA;"Tropical Storm ""Fung-Wong"" (Igme)";"CHN";"China";"Eastern Asia";"Asia";"Yuexi Xian area (Anqing district, Anhui Sheng province), Jinzhai Xian area (Lu'an district, Anhui Sheng province), Fuzhou, Quanzhou, Putian districts (Fujian Sheng province), Wenzhou district (Zhejiang Sheng province ), Jiujiang district (Jiangxi Sheng province)";NA;"Flood";"No";"No";"No";NA;155;"Kph";32,56;114,41;NA;2008;7;28;2008;8;8;1;6;93000;NA;93006;NA;NA;NA;NA;73000;99227;73,5687455355046;"[{""adm2_code"":12991,""adm2_name"":""Anqing""},{""adm2_code"":12996,""adm2_name"":""Lu'an""},{""adm2_code"":13005,""adm2_name"":""Fuzhou""},{""adm2_code"":13007,""adm2_name"":""Putian""},{""adm2_code"":13009,""adm2_name"":""Quanzhou""},{""adm2_code"":13160,""adm2_name"":""Jiujiang""},{""adm2_code"":13321,""adm2_name"":""Wenzhou""}]";"2009-01-14";"2023-09-25"
"51";"2008-0329-CHN";"No";"nat-met-sto-tro";"Natural";"Meteorological";"Storm";"Tropical cyclone";"GLIDE:FL-2008-000128";"Tropical storm ""Kammuri"" (Julian)";"CHN";"China";"Eastern Asia";"Asia";"Zhanjiang district (Guangdong Sheng province)";NA;"Flood";"No";"No";"No";NA;NA;"Kph";22,33;113,15;NA;2008;8;8;2008;8;11;NA;NA;42000;NA;42000;NA;NA;NA;NA;80000;108742;73,5687455355046;"[{""adm2_code"":13035,""adm2_name"":""Zhanjiang""}]";"2009-01-13";"2023-09-25"
"52";"2008-0369-CHN";"No";"nat-met-sto-tro";"Natural";"Meteorological";"Storm";"Tropical cyclone";NA;"Tropical storm ""Nuri"" (Karen)";"CHN";"China";"Eastern Asia";"Asia";"Guangzhou, Shenzhen districts (Guangdong province)";NA;"Rain";"No";"No";"No";NA;NA;"Kph";NA;NA;NA;2008;8;22;2008;8;23;4;NA;9e+05;NA;9e+05;NA;NA;NA;NA;58000;78838;73,5687455355046;"[{""adm2_code"":13028,""adm2_name"":""Guangzhou""},{""adm2_code"":13030,""adm2_name"":""Shenzhen""}]";"2009-01-06";"2023-09-25"
"53";"2008-0426-CHN";"No";"nat-met-sto-tro";"Natural";"Meteorological";"Storm";"Tropical cyclone";"GLIDE:FF-2008-000173";"Typhoon ""Hagupit"" (Nina)";"CHN";"China";"Eastern Asia";"Asia";"Maoming, Yangjiang, Zhanjiang districts (Guangdong province), Guangxi Zhuangzu Zizhiqu, Sichuan Sheng provinces";NA;NA;"No";"No";"No";NA;NA;"Kph";NA;NA;NA;2008;9;24;2008;9;25;12;NA;NA;NA;NA;NA;NA;NA;NA;824000;1120041;73,5687455355046;"[{""adm1_code"":904,""adm1_name"":""Guangxi Zhuangzu Zizhiqu""},{""adm1_code"":924,""adm1_name"":""Sichuan Sheng""},{""adm2_code"":13035,""adm2_name"":""Zhanjiang""},{""adm2_code"":13036,""adm2_name"":""Maoming""},{""adm2_code"":13042,""adm2_name"":""Yangjiang""}]";"2009-01-06";"2023-09-25"
"54";"2008-0651-CHN";"No";"nat-met-sto-san";"Natural";"Meteorological";"Storm";"Sand/Dust storm";NA;NA;"CHN";"China";"Eastern Asia";"Asia";"Xinjiang Uygur Zizhiqu province";NA;"Cold wave";"No";"No";"No";NA;NA;"Kph";NA;NA;NA;2008;4;17;2008;4;19;NA;NA;NA;NA;NA;NA;NA;NA;NA;733000;996347;73,5687455355046;"[{""adm1_code"":927,""adm1_name"":""Xinjiang Uygur Zizhiqu""}]";"2009-03-19";"2023-09-25"
"55";"2008-0652-CHN";"No";"nat-met-sto-hai";"Natural";"Meteorological";"Storm";"Hail";NA;NA;"CHN";"China";"Eastern Asia";"Asia";"Zhoukou district (Henan Sheng province)";NA;NA;"No";"No";"No";NA;84;"Kph";NA;NA;NA;2008;6;3;2008;6;3;10;100;NA;NA;100;NA;NA;NA;NA;23000;31263;73,5687455355046;"[{""adm2_code"":13114,""adm2_name"":""Zhoukou""}]";"2009-03-19";"2023-09-25"
"56";"2009-0222-CHN";"No";"nat-met-sto-sev";"Natural";"Meteorological";"Storm";"Severe weather";NA;NA;"CHN";"China";"Eastern Asia";"Asia";"Henan Sheng, Anhui Sheng provinces";NA;"Flood|Hail";"No";"No";"No";NA;NA;"Kph";NA;NA;NA;2009;6;3;2009;6;6;52;215;NA;NA;215;NA;NA;NA;NA;625000;852577;73,3071767219387;"[{""adm1_code"":898,""adm1_name"":""Anhui Sheng""},{""adm1_code"":909,""adm1_name"":""Henan Sheng""}]";"2010-03-08";"2023-09-25"
"57";"2009-0224-CHN";"No";"nat-met-sto-hai";"Natural";"Meteorological";"Storm";"Hail";NA;NA;"CHN";"China";"Eastern Asia";"Asia";"Anhui Sheng province";NA;"Flood|Hail";"No";"No";"No";NA;100;"Kph";NA;NA;NA;2009;6;14;2009;6;15;15;181;NA;48450;48631;NA;NA;NA;NA;66000;90032;73,3071767219387;"[{""adm1_code"":898,""adm1_name"":""Anhui Sheng""}]";"2010-03-08";"2023-09-25"
"58";"2009-0321-CHN";"No";"nat-met-sto-tro";"Natural";"Meteorological";"Storm";"Tropical cyclone";"GLIDE:TC-2009-000150";"Typhoon Morakot (Kiko)";"CHN";"China";"Eastern Asia";"Asia";"Fujian Sheng, Zhejiang Sheng, Jiangxi Sheng, Anhui Sheng, Jiangsu Sheng provinces";NA;"Flood|Slide (land, mud, snow, rock)";"No";"No";"No";NA;83;"Kph";NA;NA;NA;2009;8;9;2009;8;10;8;4;1,1e+07;NA;11000004;NA;NA;NA;NA;1415594;1931044;73,3071767219387;"[{""adm1_code"":898,""adm1_name"":""Anhui Sheng""},{""adm1_code"":901,""adm1_name"":""Fujian Sheng""},{""adm1_code"":913,""adm1_name"":""Jiangsu Sheng""},{""adm1_code"":914,""adm1_name"":""Jiangxi Sheng""},{""adm1_code"":930,""adm1_name"":""Zhejiang Sheng""}]";"2009-09-07";"2023-09-25"
"59";"2009-0399-CHN";"No";"nat-met-sto-tro";"Natural";"Meteorological";"Storm";"Tropical cyclone";NA;"Typhoon ""Koppu""";"CHN";"China";"Eastern Asia";"Asia";"Guangdong Sheng province";NA;"Flood";"No";"No";"No";NA;126;"Kph";NA;NA;NA;2009;9;14;2009;9;14;13;58;1e+06;NA;1000058;NA;NA;NA;NA;295001;402418;73,3071767219387;"[{""adm1_code"":903,""adm1_name"":""Guangdong Sheng""}]";"2009-10-13";"2023-09-25"
"60";"2009-0422-CHN";"No";"nat-met-sto-tro";"Natural";"Meteorological";"Storm";"Tropical cyclone";"GLIDE:TC-2009-000214";"Typhoon ""Pepeng"" (Parma)";"CHN";"China";"Eastern Asia";"Asia";"Hainan Sheng, Guangdong Sheng provinces";NA;NA;"No";"No";"No";NA;NA;"Kph";NA;NA;NA;2009;10;13;2009;10;13;3;NA;NA;NA;NA;NA;NA;NA;NA;35000;47744;73,3071767219387;"[{""adm1_code"":903,""adm1_name"":""Guangdong Sheng""},{""adm1_code"":906,""adm1_name"":""Hainan Sheng""}]";"2010-01-15";"2023-09-25"
"61";"2009-0487-CHN";"No";"nat-met-sto-bli";"Natural";"Meteorological";"Storm";"Blizzard/Winter storm";NA;NA;"CHN";"China";"Eastern Asia";"Asia";"Shaanxi Sheng, Hebei Sheng, Liaoning Sheng, Anhui Sheng, Hubei Sheng, Beijing Shi, Henan Sheng, Shandong Sheng provinces";NA;NA;"No";"No";"No";NA;NA;"Kph";NA;NA;NA;2009;11;9;2009;11;12;41;96;1e+07;NA;10000096;NA;NA;21000;28647;1030000;1405047;73,3071767219387;"[{""adm1_code"":898,""adm1_name"":""Anhui Sheng""},{""adm1_code"":899,""adm1_name"":""Beijing Shi""},{""adm1_code"":907,""adm1_name"":""Hebei Sheng""},{""adm1_code"":909,""adm1_name"":""Henan Sheng""},{""adm1_code"":911,""adm1_name"":""Hubei Sheng""},{""adm1_code"":916,""adm1_name"":""Liaoning Sheng""},{""adm1_code"":920,""adm1_name"":""Shaanxi Sheng""},{""adm1_code"":921,""adm1_name"":""Shandong Sheng""}]";"2010-04-30";"2023-09-25"
"62";"2009-0499-CHN";"No";"nat-met-sto-bli";"Natural";"Meteorological";"Storm";"Blizzard/Winter storm";NA;NA;"CHN";"China";"Eastern Asia";"Asia";"Anhui Sheng, Hubei Sheng provinces";NA;NA;"No";"No";"No";NA;NA;"Kph";NA;NA;NA;2009;11;11;2009;11;14;NA;NA;1197799;NA;1197799;NA;NA;NA;NA;19857;27087;73,3071767219387;"[{""adm1_code"":898,""adm1_name"":""Anhui Sheng""},{""adm1_code"":911,""adm1_name"":""Hubei Sheng""}]";"2010-04-30";"2023-09-25"
"63";"2009-0621-CHN";"No";"nat-met-sto-tro";"Natural";"Meteorological";"Storm";"Tropical cyclone";NA;"Tropical cylone ""Goni""";"CHN";"China";"Eastern Asia";"Asia";"Guangdong Sheng, Guangxi Zhuangzu Zizhiqu, Hainan Sheng provinces";NA;"Flood";"No";"No";"No";NA;NA;"Kph";NA;NA;NA;2009;8;1;2009;8;5;9;NA;NA;NA;NA;NA;NA;NA;NA;7000;9549;73,3071767219387;"[{""adm1_code"":903,""adm1_name"":""Guangdong Sheng""},{""adm1_code"":904,""adm1_name"":""Guangxi Zhuangzu Zizhiqu""},{""adm1_code"":906,""adm1_name"":""Hainan Sheng""}]";"2010-01-15";"2023-09-25"
"64";"2009-0642-CHN";"No";"nat-met-sto-sev";"Natural";"Meteorological";"Storm";"Severe weather";NA;NA;"CHN";"China";"Eastern Asia";"Asia";"Chongqing Shi province";NA;"Flood|Slide (land, mud, snow, rock)";"No";"No";"No";NA;NA;"Kph";NA;NA;NA;2009;8;2;2009;8;8;11;NA;NA;50000;50000;NA;NA;NA;NA;108000;147325;73,3071767219387;"[{""adm1_code"":900,""adm1_name"":""Chongqing Shi""}]";"2010-03-08";"2023-09-25"
"65";"2010-0036-CHN";"No";"nat-met-sto-bli";"Natural";"Meteorological";"Storm";"Blizzard/Winter storm";NA;NA;"CHN";"China";"Eastern Asia";"Asia";"Xinjiang Uygur Zizhiqu province";NA;"Avalanche (Snow, Debris)|Cold wave";"No";"No";"No";NA;NA;"Kph";NA;NA;NA;2010;1;1;2010;1;27;30;1100;1880000;NA;1881100;NA;NA;NA;NA;90000;120790;74,5094440781961;"[{""adm1_code"":927,""adm1_name"":""Xinjiang Uygur Zizhiqu""}]";"2011-03-16";"2023-09-25"
"66";"2010-0179-CHN";"No";"nat-met-sto-tor";"Natural";"Meteorological";"Storm";"Tornado";NA;NA;"CHN";"China";"Eastern Asia";"Asia";"Chongqing Shi province";NA;"Hail|Slide (land, mud, snow, rock)";"No";"No";"No";NA;NA;"Kph";NA;NA;NA;2010;5;6;2010;5;6;29;190;NA;70000;70190;NA;NA;NA;NA;62251;83548;74,5094440781961;"[{""adm1_code"":900,""adm1_name"":""Chongqing Shi""}]";"2010-05-10";"2023-09-25"
"67";"2010-0308-CHN";"No";"nat-met-sto-tro";"Natural";"Meteorological";"Storm";"Tropical cyclone";"GLIDE:TC-2010-000131";"Typhoon Conson (Basyang)";"CHN";"China";"Eastern Asia";"Asia";"Hainan Sheng province";NA;NA;"No";"No";"No";NA;NA;"Kph";NA;NA;NA;2010;7;16;2010;7;16;2;NA;NA;NA;NA;NA;NA;NA;NA;500;671;74,5094440781961;"[{""adm1_code"":906,""adm1_name"":""Hainan Sheng""}]";"2010-07-26";"2023-09-25"
"68";"2010-0484-CHN";"No";"nat-met-sto-tro";"Natural";"Meteorological";"Storm";"Tropical cyclone";NA;"Typhoon Fanapi";"CHN";"China";"Eastern Asia";"Asia";"Fujian Sheng, Guangdong Sheng provinces";NA;"Flood|Slide (land, mud, snow, rock)";"No";"No";"No";NA;NA;"Kph";NA;NA;NA;2010;9;20;2010;9;20;75;NA;1e+06;NA;1e+06;NA;NA;NA;NA;298285;400332;74,5094440781961;"[{""adm1_code"":901,""adm1_name"":""Fujian Sheng""},{""adm1_code"":903,""adm1_name"":""Guangdong Sheng""}]";"2010-10-06";"2023-09-25"
"69";"2010-0543-CHN";"No";"nat-met-sto-tro";"Natural";"Meteorological";"Storm";"Tropical cyclone";"GLIDE:TC-2010-000205";"Typhoon Megi (Juan)";"CHN";"China";"Eastern Asia";"Asia";"Fujian Sheng province";NA;NA;"No";"No";"No";NA;NA;"Kph";NA;NA;NA;2010;10;22;2010;10;22;NA;NA;NA;NA;NA;NA;NA;NA;NA;420000;563687;74,5094440781961;"[{""adm1_code"":901,""adm1_name"":""Fujian Sheng""}]";"2014-07-28";"2023-09-25"
"70";"2011-0135-CHN";"No";"nat-met-sto-hai";"Natural";"Meteorological";"Storm";"Hail";NA;NA;"CHN";"China";"Eastern Asia";"Asia";"Foshan, Dongguan, Zhongshan districts (Guangdong Sheng province)";NA;NA;"No";"No";"No";NA;164;"Kph";NA;NA;NA;2011;4;17;2011;4;18;18;150;2,2e+07;NA;22000150;NA;NA;NA;NA;15000;19516;76,8615953778198;"[{""adm2_code"":13033,""adm2_name"":""Foshan""},{""adm2_code"":13044,""adm2_name"":""Dongguan""},{""adm2_code"":13045,""adm2_name"":""Zhongshan""}]";"2012-03-29";"2023-09-25"
"71";"2011-0279-CHN";"No";"nat-met-sto-tro";"Natural";"Meteorological";"Storm";"Tropical cyclone";NA;"Typhoon ""Kabayan"" (Muifa)";"CHN";"China";"Eastern Asia";"Asia";"Shanghai Shi, Shandong Sheng, Liaoning Sheng, Jiangsu Sheng, Zhejiang Sheng";NA;"Flood";"No";"No";"No";NA;NA;"Kph";NA;NA;NA;2011;8;4;2011;8;8;NA;NA;3649800;NA;3649800;NA;NA;NA;NA;482585;627862;76,8615953778198;"[{""adm1_code"":913,""adm1_name"":""Jiangsu Sheng""},{""adm1_code"":916,""adm1_name"":""Liaoning Sheng""},{""adm1_code"":921,""adm1_name"":""Shandong Sheng""},{""adm1_code"":922,""adm1_name"":""Shanghai Shi""},{""adm1_code"":930,""adm1_name"":""Zhejiang Sheng""}]";"2014-07-28";"2023-09-25"
"72";"2011-0379-CHN";"No";"nat-met-sto-tro";"Natural";"Meteorological";"Storm";"Tropical cyclone";NA;"Typhoon Pedring (Nesat)";"CHN";"China";"Eastern Asia";"Asia";"Guangxi Zhuangzu Zizhiqu, Hainan Sheng provinces";NA;"Flood";"No";"No";"No";NA;NA;"Kph";NA;NA;NA;2011;9;29;2011;10;3;3;NA;1e+06;NA;1e+06;NA;NA;NA;NA;219000;284928;76,8615953778198;"[{""adm1_code"":904,""adm1_name"":""Guangxi Zhuangzu Zizhiqu""},{""adm1_code"":906,""adm1_name"":""Hainan Sheng""}]";"2012-01-24";"2023-09-25"
"73";"2012-0259-CHN";"No";"nat-met-sto-tro";"Natural";"Meteorological";"Storm";"Tropical cyclone";NA;"Typhoon Vicente";"CHN";"China";"Eastern Asia";"Asia";"Guangdong Sheng, Guangxi Zhuangzu Zizhiqu, Fujian Sheng provinces";NA;"Flood";"No";"No";"No";NA;NA;"Kph";NA;NA;NA;2012;7;24;2012;7;24;8;NA;58500;NA;58500;NA;NA;NA;NA;329000;419364;78,4521138829002;"[{""adm1_code"":901,""adm1_name"":""Fujian Sheng""},{""adm1_code"":903,""adm1_name"":""Guangdong Sheng""},{""adm1_code"":904,""adm1_name"":""Guangxi Zhuangzu Zizhiqu""}]";"2013-02-05";"2023-09-25"
"74";"2012-0260-CHN";"No";"nat-met-sto-tro";"Natural";"Meteorological";"Storm";"Tropical cyclone";"GLIDE:TC-2012-000125";"Tropical storm Gener (Saola)";"CHN";"China";"Eastern Asia";"Asia";"Hubei Sheng, Fujian Sheng, Zhejiang Sheng province";NA;"Flood|Slide (land, mud, snow, rock)";"No";"No";"No";NA;NA;"Kph";NA;NA;NA;2012;8;8;2012;8;8;34;NA;183630;48540;232170;NA;NA;NA;NA;124000;158058;78,4521138829002;"[{""adm1_code"":901,""adm1_name"":""Fujian Sheng""},{""adm1_code"":911,""adm1_name"":""Hubei Sheng""},{""adm1_code"":930,""adm1_name"":""Zhejiang Sheng""}]";"2013-02-06";"2023-09-25"
"75";"2012-0282-CHN";"No";"nat-met-sto-tro";"Natural";"Meteorological";"Storm";"Tropical cyclone";NA;"Typhoon Haikui";"CHN";"China";"Eastern Asia";"Asia";"Jiangxi Sheng, Shanghai Shi, Anhui Sheng, Jiangsu Sheng, Zhejiang Sheng provinces";NA;NA;"No";"No";"No";NA;150;"Kph";NA;NA;NA;2012;8;8;2012;8;8;3;7;6e+06;NA;6000007;NA;NA;230000;293172;1500000;1911994;78,4521138829002;"[{""adm1_code"":898,""adm1_name"":""Anhui Sheng""},{""adm1_code"":913,""adm1_name"":""Jiangsu Sheng""},{""adm1_code"":914,""adm1_name"":""Jiangxi Sheng""},{""adm1_code"":922,""adm1_name"":""Shanghai Shi""},{""adm1_code"":930,""adm1_name"":""Zhejiang Sheng""}]";"2012-08-13";"2023-09-25"
"76";"2012-0283-CHN";"No";"nat-met-sto-tro";"Natural";"Meteorological";"Storm";"Tropical cyclone";NA;"Typhoon Damrey";"CHN";"China";"Eastern Asia";"Asia";"Jiangsu Sheng, Shandong Sheng provinces";NA;"Flood";"No";"No";"No";NA;NA;"Kph";NA;NA;NA;2012;8;2;2012;8;8;15;NA;3790000;NA;3790000;NA;NA;106000;135114;6e+05;764798;78,4521138829002;"[{""adm1_code"":913,""adm1_name"":""Jiangsu Sheng""},{""adm1_code"":921,""adm1_name"":""Shandong Sheng""}]";"2013-03-28";"2023-09-25"
"77";"2012-0294-CHN";"No";"nat-met-sto-tro";"Natural";"Meteorological";"Storm";"Tropical cyclone";NA;"TYphoon Kai-Tak";"CHN";"China";"Eastern Asia";"Asia";"Guangdong Sheng, Guangxi Zhuangzu Zizhiqu provinces";NA;NA;"No";"No";"No";NA;NA;"Kph";NA;NA;NA;2012;8;17;2012;8;17;2;NA;107500;NA;107500;NA;NA;NA;NA;262000;333962;78,4521138829002;"[{""adm1_code"":903,""adm1_name"":""Guangdong Sheng""},{""adm1_code"":904,""adm1_name"":""Guangxi Zhuangzu Zizhiqu""}]";"2013-02-06";"2023-09-25"
"78";"2012-0406-CHN";"No";"nat-met-sto-tro";"Natural";"Meteorological";"Storm";"Tropical cyclone";"GLIDE:TC-2012-000181";"Typhoon Son Tinh (Ofel)";"CHN";"China";"Eastern Asia";"Asia";"Hainan Sheng, Guangxi Zhuangzu Zizhiqu provinces";NA;NA;"No";"No";"No";NA;NA;"Kph";NA;NA;NA;2012;10;28;2012;10;28;1;NA;126000;NA;126000;NA;NA;NA;NA;197000;251109;78,4521138829002;"[{""adm1_code"":904,""adm1_name"":""Guangxi Zhuangzu Zizhiqu""},{""adm1_code"":906,""adm1_name"":""Hainan Sheng""}]";"2012-11-09";"2023-09-25"
"79";"2012-0570-CHN";"No";"nat-met-sto-lig";"Natural";"Meteorological";"Storm";"Lightning/Thunderstorms";NA;NA;"CHN";"China";"Eastern Asia";"Asia";"Guizhou Sheng, Guangdong Sheng provinces";NA;NA;"No";"No";"No";NA;NA;"Kph";NA;NA;NA;2012;4;5;2012;4;5;NA;NA;1e+05;NA;1e+05;NA;NA;NA;NA;120000;152960;78,4521138829002;"[{""adm1_code"":903,""adm1_name"":""Guangdong Sheng""},{""adm1_code"":905,""adm1_name"":""Guizhou Sheng""}]";"2013-02-04";"2023-09-25"
"80";"2012-0571-CHN";"No";"nat-met-sto-lig";"Natural";"Meteorological";"Storm";"Lightning/Thunderstorms";NA;NA;"CHN";"China";"Eastern Asia";"Asia";"Anhui Sheng, Henan Sheng, Hubei Sheng, Jiangsu Sheng province";NA;NA;"No";"No";"No";NA;NA;"Kph";NA;NA;NA;2012;4;20;2012;4;24;12;NA;127000;NA;127000;NA;NA;NA;NA;84000;107072;78,4521138829002;"[{""adm1_code"":898,""adm1_name"":""Anhui Sheng""},{""adm1_code"":909,""adm1_name"":""Henan Sheng""},{""adm1_code"":911,""adm1_name"":""Hubei Sheng""},{""adm1_code"":913,""adm1_name"":""Jiangsu Sheng""}]";"2013-02-11";"2023-09-25"
"81";"2013-0065-CHN";"No";"nat-met-sto-bli";"Natural";"Meteorological";"Storm";"Blizzard/Winter storm";NA;NA;"CHN";"China";"Eastern Asia";"Asia";"Anhui Sheng, Hubei Sheng, Jiangsu Sheng provinces";NA;NA;"No";"No";"No";NA;NA;"Kph";NA;NA;NA;2013;2;18;2013;2;21;2;NA;13500;NA;13500;NA;NA;NA;NA;124000;155776;79,6013094233451;"[{""adm1_code"":898,""adm1_name"":""Anhui Sheng""},{""adm1_code"":911,""adm1_name"":""Hubei Sheng""},{""adm1_code"":913,""adm1_name"":""Jiangsu Sheng""}]";"2013-03-11";"2023-09-25"
"82";"2013-0084-CHN";"No";"nat-met-sto-lig";"Natural";"Meteorological";"Storm";"Lightning/Thunderstorms";NA;NA;"CHN";"China";"Eastern Asia";"Asia";"Dongguan district (Guangdong Sheng province), Fujian Sheng, Jiangxi Sheng, Hunan Sheng, Guizhou Sheng, Hubei Sheng, Sichuan Sheng provinces";NA;"Hail|Rain";"No";"No";"No";NA;NA;"Kph";NA;NA;NA;2013;3;18;2013;3;20;25;324;1398000;NA;1398324;NA;NA;NA;NA;259000;325372;79,6013094233451;"[{""adm1_code"":901,""adm1_name"":""Fujian Sheng""},{""adm1_code"":905,""adm1_name"":""Guizhou Sheng""},{""adm1_code"":911,""adm1_name"":""Hubei Sheng""},{""adm1_code"":912,""adm1_name"":""Hunan Sheng""},{""adm1_code"":914,""adm1_name"":""Jiangxi Sheng""},{""adm1_code"":924,""adm1_name"":""Sichuan Sheng""},{""adm2_code"":13044,""adm2_name"":""Dongguan""}]";"2014-03-20";"2023-09-25"
"83";"2013-0089-CHN";"No";"nat-met-sto-lig";"Natural";"Meteorological";"Storm";"Lightning/Thunderstorms";NA;NA;"CHN";"China";"Eastern Asia";"Asia";"Hainan Sheng, Guangxi Zhuangzu Zizhiqu, Yunnan Sheng, Guangdong Sheng provinces";NA;"Hail";"No";"No";"No";NA;NA;"Kph";NA;NA;NA;2013;3;29;2013;3;30;3;NA;25000;NA;25000;NA;NA;NA;NA;26000;32663;79,6013094233451;"[{""adm1_code"":903,""adm1_name"":""Guangdong Sheng""},{""adm1_code"":904,""adm1_name"":""Guangxi Zhuangzu Zizhiqu""},{""adm1_code"":906,""adm1_name"":""Hainan Sheng""},{""adm1_code"":929,""adm1_name"":""Yunnan Sheng""}]";"2013-04-08";"2023-09-25"
"84";"2013-0222-CHN";"No";"nat-met-sto-lig";"Natural";"Meteorological";"Storm";"Lightning/Thunderstorms";NA;NA;"CHN";"China";"Eastern Asia";"Asia";"Fujian Sheng, Guangdong Sheng, Guangxi Zhuangzu Zizhiqu, Guizhou Sheng, Hainan Sheng, Heilongjiang Sheng, Hunan Sheng, Jiangxi Sheng, Jilin Sheng, Liaoning Sheng, Nei Mongol Zizhiqu, Yunnan Sheng provinces";NA;"Hail|Rain";"No";"No";"No";NA;NA;"Kph";NA;NA;NA;2013;6;23;2013;6;25;11;NA;50000;NA;50000;NA;NA;NA;NA;118000;148239;79,6013094233451;"[{""adm1_code"":901,""adm1_name"":""Fujian Sheng""},{""adm1_code"":903,""adm1_name"":""Guangdong Sheng""},{""adm1_code"":904,""adm1_name"":""Guangxi Zhuangzu Zizhiqu""},{""adm1_code"":905,""adm1_name"":""Guizhou Sheng""},{""adm1_code"":906,""adm1_name"":""Hainan Sheng""},{""adm1_code"":908,""adm1_name"":""Heilongjiang Sheng""},{""adm1_code"":912,""adm1_name"":""Hunan Sheng""},{""adm1_code"":914,""adm1_name"":""Jiangxi Sheng""},{""adm1_code"":915,""adm1_name"":""Jilin Sheng""},{""adm1_code"":916,""adm1_name"":""Liaoning Sheng""},{""adm1_code"":917,""adm1_name"":""Nei Mongol Zizhiqu""},{""adm1_code"":929,""adm1_name"":""Yunnan Sheng""}]";"2013-07-18";"2023-09-25"
"85";"2013-0249-CHN";"No";"nat-met-sto-tro";"Natural";"Meteorological";"Storm";"Tropical cyclone";NA;"Typhoon Soulik";"CHN";"China";"Eastern Asia";"Asia";"Guangdong Sheng, Fujian Sheng, Zhejiang Sheng, Jiangxi Sheng, Anhui Sheng provinces";NA;NA;"No";"No";"No";NA;120;"Kph";NA;NA;NA;2013;7;14;2013;7;14;9;150;390000;NA;390150;NA;NA;NA;NA;460000;577880;79,6013094233451;"[{""adm1_code"":898,""adm1_name"":""Anhui Sheng""},{""adm1_code"":901,""adm1_name"":""Fujian Sheng""},{""adm1_code"":903,""adm1_name"":""Guangdong Sheng""},{""adm1_code"":914,""adm1_name"":""Jiangxi Sheng""},{""adm1_code"":930,""adm1_name"":""Zhejiang Sheng""}]";"2013-08-27";"2023-09-25"
"86";"2013-0258-CHN";"No";"nat-met-sto-tro";"Natural";"Meteorological";"Storm";"Tropical cyclone";NA;"Typhoon Rumbia";"CHN";"China";"Eastern Asia";"Asia";"Guangxi Zhuangzu Zizhiqu, Yunnan Sheng provinces";NA;NA;"No";"No";"No";NA;110;"Kph";NA;NA;NA;2013;7;1;2013;7;1;7;NA;21000;NA;21000;NA;NA;NA;NA;177000;222358;79,6013094233451;"[{""adm1_code"":904,""adm1_name"":""Guangxi Zhuangzu Zizhiqu""},{""adm1_code"":929,""adm1_name"":""Yunnan Sheng""}]";"2013-11-27";"2023-09-25"
"87";"2013-0261-CHN";"No";"nat-met-sto-tro";"Natural";"Meteorological";"Storm";"Tropical cyclone";NA;"Tropical storm Ciramon";"CHN";"China";"Eastern Asia";"Asia";"Guangdong Sheng, Zheijiang Sheng, Fujian Sheng provinces";NA;NA;"No";"No";"No";NA;101850,92;"Kph";25,8633;118,14;NA;2013;7;13;2013;7;15;1;NA;3000;NA;3000;NA;NA;NA;NA;253000;317834;79,6013094233451;"[{""adm1_code"":901,""adm1_name"":""Fujian Sheng""},{""adm1_code"":903,""adm1_name"":""Guangdong Sheng""},{""adm1_code"":930,""adm1_name"":""Zhejiang Sheng""}]";"2013-08-27";"2023-09-25"
"88";"2013-0272-CHN";"No";"nat-met-sto-tro";"Natural";"Meteorological";"Storm";"Tropical cyclone";NA;"Tropical storm Utor (Labuyo)";"CHN";"China";"Eastern Asia";"Asia";"Hunan Sheng, Guangxi Zhuangzu Zizhiqu, Guangdong Sheng, Hainan Sheng provinces";NA;"Flood";"No";"No";"No";NA;98182,91;"Kph";22,7696;113,69;NA;2013;8;15;2013;8;21;88;NA;8e+06;NA;8e+06;NA;NA;NA;NA;2120000;2663273;79,6013094233451;"[{""adm1_code"":903,""adm1_name"":""Guangdong Sheng""},{""adm1_code"":904,""adm1_name"":""Guangxi Zhuangzu Zizhiqu""},{""adm1_code"":906,""adm1_name"":""Hainan Sheng""},{""adm1_code"":912,""adm1_name"":""Hunan Sheng""}]";"2013-11-21";"2023-09-25"
"89";"2013-0306-CHN";"No";"nat-met-sto-tro";"Natural";"Meteorological";"Storm";"Tropical cyclone";NA;"Typhoon Trami (Maring)";"CHN";"China";"Eastern Asia";"Asia";"Fuqing Shi, Fuzhou Shi areas (Fuzhou district, Fujian Sheng province), Ningde, Putian, Sanming district (Fujian Sheng province)";NA;"Flood";"No";"No";"No";NA;NA;"Kph";NA;NA;NA;2013;8;22;2013;8;22;NA;NA;189800;NA;189800;NA;NA;NA;NA;376000;472354;79,6013094233451;"[{""adm2_code"":13005,""adm2_name"":""Fuzhou""},{""adm2_code"":13007,""adm2_name"":""Putian""},{""adm2_code"":13008,""adm2_name"":""Sanming""},{""adm2_code"":13013,""adm2_name"":""Ningde""}]";"2014-04-07";"2023-09-25"
"90";"2013-0341-CHN";"No";"nat-met-sto-tro";"Natural";"Meteorological";"Storm";"Tropical cyclone";NA;"Tropical storm Jebi";"CHN";"China";"Eastern Asia";"Asia";"Hainan Sheng province";NA;"Flood";"No";"No";"No";NA;NA;"Kph";NA;NA;NA;2013;8;2;2013;8;3;NA;NA;5000;NA;5000;NA;NA;NA;NA;20000;25125;79,6013094233451;"[{""adm1_code"":906,""adm1_name"":""Hainan Sheng""}]";"2013-09-10";"2023-09-25"
"91";"2013-0429-CHN";"No";"nat-met-sto-tro";"Natural";"Meteorological";"Storm";"Tropical cyclone";NA;"Tropical storm Fitow";"CHN";"China";"Eastern Asia";"Asia";"Fujian Sheng, Zhejiang Sheng, Shanghai Shi provinces";NA;"Flood|Surge";"No";"No";"No";NA;160;"Kph";NA;NA;NA;2013;10;7;2013;10;8;8;NA;475000;NA;475000;NA;NA;NA;NA;6700000;8416947;79,6013094233451;"[{""adm1_code"":901,""adm1_name"":""Fujian Sheng""},{""adm1_code"":922,""adm1_name"":""Shanghai Shi""},{""adm1_code"":930,""adm1_name"":""Zhejiang Sheng""}]";"2013-11-26";"2023-09-25"
"92";"2013-0567-CHN";"No";"nat-met-sto-lig";"Natural";"Meteorological";"Storm";"Lightning/Thunderstorms";NA;NA;"CHN";"China";"Eastern Asia";"Asia";"Jiangxi Sheng, Guangxi Zhuangzu Zizhiqu provinces";NA;NA;"No";"No";"No";NA;NA;"Kph";NA;NA;NA;2013;4;28;2013;5;2;12;NA;217000;NA;217000;NA;NA;NA;NA;154000;193464;79,6013094233451;"[{""adm1_code"":904,""adm1_name"":""Guangxi Zhuangzu Zizhiqu""},{""adm1_code"":914,""adm1_name"":""Jiangxi Sheng""}]";"2014-01-20";"2023-09-25"
"93";"2014-0085-CHN";"No";"nat-met-sto-bli";"Natural";"Meteorological";"Storm";"Blizzard/Winter storm";NA;NA;"CHN";"China";"Eastern Asia";"Asia";"Jiangxi Sheng, Hubei Sheng, Hunan Sheng, Guangdong Sheng, Guangxi Zhuangzu Zizhiqu, Chongqing Shi, Sichuan Sheng, Guizhou Sheng, Yunnan Sheng, Hainan Sheng provinces";NA;"Cold wave";"No";"No";"No";NA;NA;"Kph";NA;NA;NA;2014;2;7;2014;2;14;10;90;1e+05;NA;100090;NA;NA;NA;NA;675000;834439;80,8926237222027;"[{""adm1_code"":900,""adm1_name"":""Chongqing Shi""},{""adm1_code"":903,""adm1_name"":""Guangdong Sheng""},{""adm1_code"":904,""adm1_name"":""Guangxi Zhuangzu Zizhiqu""},{""adm1_code"":905,""adm1_name"":""Guizhou Sheng""},{""adm1_code"":906,""adm1_name"":""Hainan Sheng""},{""adm1_code"":911,""adm1_name"":""Hubei Sheng""},{""adm1_code"":912,""adm1_name"":""Hunan Sheng""},{""adm1_code"":914,""adm1_name"":""Jiangxi Sheng""},{""adm1_code"":924,""adm1_name"":""Sichuan Sheng""},{""adm1_code"":929,""adm1_name"":""Yunnan Sheng""}]";"2014-03-06";"2023-09-25"
"94";"2014-0107-CHN";"No";"nat-met-sto-bli";"Natural";"Meteorological";"Storm";"Blizzard/Winter storm";NA;NA;"CHN";"China";"Eastern Asia";"Asia";"Sichuan Sheng, Xinjiang Uygur Zizhiqu, Henan Sheng provinces";NA;NA;"No";"No";"No";NA;NA;"Kph";NA;NA;NA;2014;3;12;2014;3;14;1;NA;10000;NA;10000;NA;NA;NA;NA;50000;61810;80,8926237222027;"[{""adm1_code"":909,""adm1_name"":""Henan Sheng""},{""adm1_code"":924,""adm1_name"":""Sichuan Sheng""},{""adm1_code"":927,""adm1_name"":""Xinjiang Uygur Zizhiqu""}]";"2014-04-15";"2023-09-25"
"95";"2014-0110-CHN";"No";"nat-met-sto-lig";"Natural";"Meteorological";"Storm";"Lightning/Thunderstorms";NA;NA;"CHN";"China";"Eastern Asia";"Asia";"Fujian Sheng, Jiangxi Sheng, Hunan Sheng, Guangdong Sheng, Guangxi Zhuangzu Zizhiqu, Chongqing Shi, Guizhou Sheng provinces";NA;"Flood|Hail";"No";"No";"No";NA;NA;"Kph";NA;NA;NA;2014;3;27;2014;4;4;21;NA;4e+05;NA;4e+05;NA;NA;NA;NA;155000;191612;80,8926237222027;"[{""adm1_code"":900,""adm1_name"":""Chongqing Shi""},{""adm1_code"":901,""adm1_name"":""Fujian Sheng""},{""adm1_code"":903,""adm1_name"":""Guangdong Sheng""},{""adm1_code"":904,""adm1_name"":""Guangxi Zhuangzu Zizhiqu""},{""adm1_code"":905,""adm1_name"":""Guizhou Sheng""},{""adm1_code"":912,""adm1_name"":""Hunan Sheng""},{""adm1_code"":914,""adm1_name"":""Jiangxi Sheng""}]";"2014-04-15";"2023-09-25"
"96";"2014-0132-CHN";"No";"nat-met-sto-lig";"Natural";"Meteorological";"Storm";"Lightning/Thunderstorms";NA;NA;"CHN";"China";"Eastern Asia";"Asia";"Sichuan Sheng, Chongqing Shi, Anhui Sheng, Hubei Sheng, Guizhou Sheng provinces";"Days of rains and hails";NA;"No";"No";"No";NA;NA;"Kph";NA;NA;NA;2014;4;16;2014;4;20;3;NA;1e+05;NA;1e+05;NA;NA;NA;NA;156000;192848;80,8926237222027;"[{""adm1_code"":898,""adm1_name"":""Anhui Sheng""},{""adm1_code"":900,""adm1_name"":""Chongqing Shi""},{""adm1_code"":905,""adm1_name"":""Guizhou Sheng""},{""adm1_code"":911,""adm1_name"":""Hubei Sheng""},{""adm1_code"":924,""adm1_name"":""Sichuan Sheng""}]";"2014-05-09";"2023-09-25"
"97";"2014-0133-CHN";"No";"nat-met-sto-sev";"Natural";"Meteorological";"Storm";"Severe weather";NA;NA;"CHN";"China";"Eastern Asia";"Asia";"Xinjiang Uygur Zizhiqu, Shaanxi Sheng, Guangxi Zhuangzu Zizhiqu, Hunan Sheng, Jiangxi Sheng, Qinghai Sheng provinces";NA;"Flood|Hail";"No";"No";"No";NA;NA;"Kph";NA;NA;NA;2014;4;22;2014;4;28;9;NA;25000;NA;25000;NA;NA;NA;NA;456000;563710;80,8926237222027;"[{""adm1_code"":904,""adm1_name"":""Guangxi Zhuangzu Zizhiqu""},{""adm1_code"":912,""adm1_name"":""Hunan Sheng""},{""adm1_code"":914,""adm1_name"":""Jiangxi Sheng""},{""adm1_code"":919,""adm1_name"":""Qinghai Sheng""},{""adm1_code"":920,""adm1_name"":""Shaanxi Sheng""},{""adm1_code"":927,""adm1_name"":""Xinjiang Uygur Zizhiqu""}]";"2014-05-09";"2023-09-25"
"98";"2014-0213-CHN";"No";"nat-met-sto-tro";"Natural";"Meteorological";"Storm";"Tropical cyclone";NA;"Hagibis";"CHN";"China";"Eastern Asia";"Asia";"Shantou district (Guangdong Sheng province), Fujian Sheng province";NA;"Flood";"No";"No";"No";NA;80;"Kph";NA;NA;NA;2014;6;14;2014;6;16;NA;NA;5000;NA;5000;NA;NA;NA;NA;131000;161943;80,8926237222027;"[{""adm1_code"":901,""adm1_name"":""Fujian Sheng""},{""adm2_code"":13032,""adm2_name"":""Shantou""}]";"2014-07-15";"2023-09-25"
"99";"2014-0214-CHN";"No";"nat-met-sto-lig";"Natural";"Meteorological";"Storm";"Lightning/Thunderstorms";NA;NA;"CHN";"China";"Eastern Asia";"Asia";"Anhui Sheng, Chongqing Shi, Fujian Sheng, Gansu Sheng, Guangdong Sheng, Guangxi Zhuangzu Zizhiqu, Guizhou Sheng, Hainan Sheng, Henan Sheng, Hubei Sheng, Hunan Sheng, Jiangsu Sheng, Jiangxi Sheng, Liaoning Sheng, Ningxia Huizu Zizhiqu, Qinghai Sheng, Shaanxi Sheng, Shandong Sheng, Sichuan Sheng, Xinjiang Uygur Zizhiqu, Yunnan Sheng, Zhejiang Sheng provinces";"Heavy monsoonal rain";"Flood|Slide (land, mud, snow, rock)";"No";"No";"No";NA;NA;"Kph";NA;NA;NA;2014;6;17;2014;6;21;11;NA;NA;25000;25000;NA;NA;NA;NA;94000;116203;80,8926237222027;"[{""adm1_code"":898,""adm1_name"":""Anhui Sheng""},{""adm1_code"":900,""adm1_name"":""Chongqing Shi""},{""adm1_code"":901,""adm1_name"":""Fujian Sheng""},{""adm1_code"":902,""adm1_name"":""Gansu Sheng""},{""adm1_code"":903,""adm1_name"":""Guangdong Sheng""},{""adm1_code"":904,""adm1_name"":""Guangxi Zhuangzu Zizhiqu""},{""adm1_code"":905,""adm1_name"":""Guizhou Sheng""},{""adm1_code"":906,""adm1_name"":""Hainan Sheng""},{""adm1_code"":909,""adm1_name"":""Henan Sheng""},{""adm1_code"":911,""adm1_name"":""Hubei Sheng""},{""adm1_code"":912,""adm1_name"":""Hunan Sheng""},{""adm1_code"":913,""adm1_name"":""Jiangsu Sheng""},{""adm1_code"":914,""adm1_name"":""Jiangxi Sheng""},{""adm1_code"":916,""adm1_name"":""Liaoning Sheng""},{""adm1_code"":918,""adm1_name"":""Ningxia Huizu Zizhiqu""},{""adm1_code"":919,""adm1_name"":""Qinghai Sheng""},{""adm1_code"":920,""adm1_name"":""Shaanxi Sheng""},{""adm1_code"":921,""adm1_name"":""Shandong Sheng""},{""adm1_code"":924,""adm1_name"":""Sichuan Sheng""},{""adm1_code"":927,""adm1_name"":""Xinjiang Uygur Zizhiqu""},{""adm1_code"":929,""adm1_name"":""Yunnan Sheng""},{""adm1_code"":930,""adm1_name"":""Zhejiang Sheng""}]";"2014-07-15";"2023-09-25"
"100";"2014-0227-CHN";"No";"nat-met-sto-tro";"Natural";"Meteorological";"Storm";"Tropical cyclone";"GLIDE:TC-2014-000092";"Typhoon Rammasun (Glenda)";"CHN";"China";"Eastern Asia";"Asia";"Hainan Sheng, Guangdong Sheng, Guangxi Zhuangzu Zizhiqu, Yunnan Sheng provinces";NA;"Flood|Slide (land, mud, snow, rock)";"No";"No";"No";NA;200;"Kph";NA;NA;NA;2014;7;18;2014;7;19;71;99;9960000;NA;9960099;NA;NA;NA;NA;4232973;5232829;80,8926237222027;"[{""adm1_code"":903,""adm1_name"":""Guangdong Sheng""},{""adm1_code"":904,""adm1_name"":""Guangxi Zhuangzu Zizhiqu""},{""adm1_code"":906,""adm1_name"":""Hainan Sheng""},{""adm1_code"":929,""adm1_name"":""Yunnan Sheng""}]";"2014-07-22";"2023-09-25"
"101";"2014-0240-CHN";"No";"nat-met-sto-tro";"Natural";"Meteorological";"Storm";"Tropical cyclone";NA;"Typhoon Henry (Matmo)";"CHN";"China";"Eastern Asia";"Asia";"Fujian Sheng, Jiangxi Sheng, Shandong Sheng provinces";NA;NA;"No";"No";"No";NA;120;"Kph";NA;NA;NA;2014;7;22;2014;7;24;14;NA;NA;NA;NA;NA;NA;NA;NA;5e+05;618103;80,8926237222027;"[{""adm1_code"":901,""adm1_name"":""Fujian Sheng""},{""adm1_code"":914,""adm1_name"":""Jiangxi Sheng""},{""adm1_code"":921,""adm1_name"":""Shandong Sheng""}]";"2014-08-28";"2023-09-25"
"102";"2014-0269-CHN";"No";"nat-met-sto-lig";"Natural";"Meteorological";"Storm";"Lightning/Thunderstorms";NA;NA;"CHN";"China";"Eastern Asia";"Asia";"Shaanxi Sheng, Shanxi Sheng, Guizhou Sheng, Heilongjiang Sheng provinces";NA;"Flood|Hail";"No";"No";"No";NA;NA;"Kph";NA;NA;NA;2014;7;19;2014;7;20;5;NA;25000;25000;50000;NA;NA;NA;NA;274000;338721;80,8926237222027;"[{""adm1_code"":905,""adm1_name"":""Guizhou Sheng""},{""adm1_code"":908,""adm1_name"":""Heilongjiang Sheng""},{""adm1_code"":920,""adm1_name"":""Shaanxi Sheng""},{""adm1_code"":923,""adm1_name"":""Shanxi Sheng""}]";"2014-08-28";"2023-09-25"
"103";"2014-0390-CHN";"No";"nat-met-sto-tro";"Natural";"Meteorological";"Storm";"Tropical cyclone";NA;"Typhoon Kalmaegi (Luis)";"CHN";"China";"Eastern Asia";"Asia";"Hainan Sheng, Guangdong Sheng, Guangxi Zhuangzu Zizhiqu provinces";NA;"Flood";"No";"No";"No";NA;NA;"Kph";NA;NA;NA;2014;9;10;2014;9;16;9;NA;394000;NA;394000;NA;NA;NA;NA;2900000;3584999;80,8926237222027;"[{""adm1_code"":903,""adm1_name"":""Guangdong Sheng""},{""adm1_code"":904,""adm1_name"":""Guangxi Zhuangzu Zizhiqu""},{""adm1_code"":906,""adm1_name"":""Hainan Sheng""}]";"2014-10-10";"2023-09-25"
"104";"2014-0519-CHN";"No";"nat-met-sto-bli";"Natural";"Meteorological";"Storm";"Blizzard/Winter storm";NA;NA;"CHN";"China";"Eastern Asia";"Asia";"Heilongjiang Sheng, Jilin Sheng, Nei Mongol Zizhiqu provinces";NA;NA;"No";"No";"No";NA;NA;"Kph";NA;NA;NA;2014;12;2;2014;12;9;NA;NA;NA;3000;3000;NA;NA;NA;NA;315000;389405;80,8926237222027;"[{""adm1_code"":908,""adm1_name"":""Heilongjiang Sheng""},{""adm1_code"":915,""adm1_name"":""Jilin Sheng""},{""adm1_code"":917,""adm1_name"":""Nei Mongol Zizhiqu""}]";"2015-01-14";"2023-09-25"
"105";"2014-0552-CHN";"No";"nat-met-sto-bli";"Natural";"Meteorological";"Storm";"Blizzard/Winter storm";NA;NA;"CHN";"China";"Eastern Asia";"Asia";"Anhui Sheng, Beijing Shi, Chongqing Shi, Fujian Sheng, Gansu Sheng, Guangdong Sheng, Guangxi Zhuangzu Zizhiqu, Guizhou Sheng, Hainan Sheng, Hebei Sheng, Heilongjiang Sheng, Henan Sheng, Hubei Sheng, Hunan Sheng, Jiangsu Sheng, Jiangxi Sheng, Jilin Sheng, Liaoning Sheng, Nei Mongol Zizhiqu, Ningxia Huizu Zizhiqu, Qinghai Sheng, Shaanxi Sheng, Shandong Sheng, Shanghai Shi, Shanxi Sheng, Sichuan Sheng, Tianjin Shi, Xinjiang Uygur Zizhiqu, Xizang Zizhiqu, Yunnan Sheng, Zhejiang Sheng provinces";NA;"Cold wave";"No";"No";"No";NA;NA;"Kph";NA;NA;NA;2014;4;7;2014;4;16;128;NA;NA;NA;NA;NA;NA;NA;NA;1e+05;123621;80,8926237222027;"[{""adm1_code"":898,""adm1_name"":""Anhui Sheng""},{""adm1_code"":899,""adm1_name"":""Beijing Shi""},{""adm1_code"":900,""adm1_name"":""Chongqing Shi""},{""adm1_code"":901,""adm1_name"":""Fujian Sheng""},{""adm1_code"":902,""adm1_name"":""Gansu Sheng""},{""adm1_code"":903,""adm1_name"":""Guangdong Sheng""},{""adm1_code"":904,""adm1_name"":""Guangxi Zhuangzu Zizhiqu""},{""adm1_code"":905,""adm1_name"":""Guizhou Sheng""},{""adm1_code"":906,""adm1_name"":""Hainan Sheng""},{""adm1_code"":907,""adm1_name"":""Hebei Sheng""},{""adm1_code"":908,""adm1_name"":""Heilongjiang Sheng""},{""adm1_code"":909,""adm1_name"":""Henan Sheng""},{""adm1_code"":911,""adm1_name"":""Hubei Sheng""},{""adm1_code"":912,""adm1_name"":""Hunan Sheng""},{""adm1_code"":913,""adm1_name"":""Jiangsu Sheng""},{""adm1_code"":914,""adm1_name"":""Jiangxi Sheng""},{""adm1_code"":915,""adm1_name"":""Jilin Sheng""},{""adm1_code"":916,""adm1_name"":""Liaoning Sheng""},{""adm1_code"":917,""adm1_name"":""Nei Mongol Zizhiqu""},{""adm1_code"":918,""adm1_name"":""Ningxia Huizu Zizhiqu""},{""adm1_code"":919,""adm1_name"":""Qinghai Sheng""},{""adm1_code"":920,""adm1_name"":""Shaanxi Sheng""},{""adm1_code"":921,""adm1_name"":""Shandong Sheng""},{""adm1_code"":922,""adm1_name"":""Shanghai Shi""},{""adm1_code"":923,""adm1_name"":""Shanxi Sheng""},{""adm1_code"":924,""adm1_name"":""Sichuan Sheng""},{""adm1_code"":926,""adm1_name"":""Tianjin Shi""},{""adm1_code"":927,""adm1_name"":""Xinjiang Uygur Zizhiqu""},{""adm1_code"":928,""adm1_name"":""Xizang Zizhiqu""},{""adm1_code"":929,""adm1_name"":""Yunnan Sheng""},{""adm1_code"":930,""adm1_name"":""Zhejiang Sheng""}]";"2015-03-27";"2023-09-25"
"106";"2014-0555-CHN";"No";"nat-met-sto-lig";"Natural";"Meteorological";"Storm";"Lightning/Thunderstorms";NA;NA;"CHN";"China";"Eastern Asia";"Asia";"Xishui Xian (Zunyi district, Guizhou Sheng province)";NA;NA;"No";"No";"No";NA;NA;"Kph";NA;NA;NA;2014;8;10;2014;8;11;20;NA;NA;NA;NA;NA;NA;NA;NA;31000;38322;80,8926237222027;"[{""adm2_code"":13065,""adm2_name"":""Zunyi""}]";"2015-03-30";"2023-09-25"
"107";"2015-0105-CHN";"No";"nat-met-sto-tro";"Natural";"Meteorological";"Storm";"Tropical cyclone";"GLIDE:TC-2015-000028";"Typhoon' Maysak'";"CHN";"China";"Eastern Asia";"Asia";"Hunan Sheng, Jiangxi Sheng provinces";NA;"Flood";"No";"No";"No";NA;NA;"Kph";NA;NA;NA;2015;4;4;2015;4;15;6;NA;12000;NA;12000;NA;NA;NA;NA;209000;258061;80,9885789905908;"[{""adm1_code"":912,""adm1_name"":""Hunan Sheng""},{""adm1_code"":914,""adm1_name"":""Jiangxi Sheng""}]";"2015-09-01";"2023-09-25"
"108";"2015-0131-CHN";"No";"nat-met-sto-sev";"Natural";"Meteorological";"Storm";"Severe weather";NA;NA;"CHN";"China";"Eastern Asia";"Asia";"Guizhou Sheng, Henan Sheng, Shanxi Sheng, Jiangxi Sheng, Chongqing Shi, Sichuan Sheng, Shaanxi Sheng provinces";NA;"Flood|Lightening";"No";"No";"No";NA;NA;"Kph";NA;NA;NA;2015;3;24;2015;3;25;34;148;5000;NA;5148;NA;NA;NA;NA;225000;277817;80,9885789905908;"[{""adm1_code"":900,""adm1_name"":""Chongqing Shi""},{""adm1_code"":905,""adm1_name"":""Guizhou Sheng""},{""adm1_code"":909,""adm1_name"":""Henan Sheng""},{""adm1_code"":914,""adm1_name"":""Jiangxi Sheng""},{""adm1_code"":920,""adm1_name"":""Shaanxi Sheng""},{""adm1_code"":923,""adm1_name"":""Shanxi Sheng""},{""adm1_code"":924,""adm1_name"":""Sichuan Sheng""}]";"2015-04-09";"2023-09-25"
"109";"2015-0132-CHN";"No";"nat-met-sto-bli";"Natural";"Meteorological";"Storm";"Blizzard/Winter storm";NA;NA;"CHN";"China";"Eastern Asia";"Asia";"Xinjiang Uygur Zizhiqu, Xizang Zizhiqu provinces";NA;"Cold wave";"No";"No";"No";NA;NA;"Kph";NA;NA;NA;2015;3;29;2015;3;31;NA;NA;5000;NA;5000;NA;NA;NA;NA;108000;133352;80,9885789905908;"[{""adm1_code"":927,""adm1_name"":""Xinjiang Uygur Zizhiqu""},{""adm1_code"":928,""adm1_name"":""Xizang Zizhiqu""}]";"2015-04-09";"2023-09-25"
"110";"2015-0160-CHN";"No";"nat-met-sto-sev";"Natural";"Meteorological";"Storm";"Severe weather";NA;NA;"CHN";"China";"Eastern Asia";"Asia";"Sichuan Sheng province";NA;NA;"No";"No";"No";NA;139;"Kph";NA;NA;NA;2015;4;4;2015;4;5;7;37;NA;2500;2537;NA;NA;NA;NA;20000;24695;80,9885789905908;"[{""adm1_code"":924,""adm1_name"":""Sichuan Sheng""}]";"2015-05-19";"2023-09-25"
"111";"2015-0162-CHN";"No";"nat-met-sto-lig";"Natural";"Meteorological";"Storm";"Lightning/Thunderstorms";NA;NA;"CHN";"China";"Eastern Asia";"Asia";"Yunnan Sheng, Sichuan Sheng, Guizhou Sheng, Guangxi Zhuangzu Zizhiqu provinces";NA;"Hail";"No";"No";"No";NA;NA;"Kph";NA;NA;NA;2015;4;6;2015;4;9;1;NA;25000;NA;25000;NA;NA;NA;NA;130000;160516;80,9885789905908;"[{""adm1_code"":904,""adm1_name"":""Guangxi Zhuangzu Zizhiqu""},{""adm1_code"":905,""adm1_name"":""Guizhou Sheng""},{""adm1_code"":924,""adm1_name"":""Sichuan Sheng""},{""adm1_code"":929,""adm1_name"":""Yunnan Sheng""}]";"2015-05-20";"2023-09-25"
"112";"2015-0163-CHN";"No";"nat-met-sto-sev";"Natural";"Meteorological";"Storm";"Severe weather";NA;NA;"CHN";"China";"Eastern Asia";"Asia";"Guizhou Sheng, Shanxi Sheng, Shaanxi Sheng, Gansu Sheng provinces";NA;"Flood|Hail";"No";"No";"No";NA;NA;"Kph";NA;NA;NA;2015;4;19;2015;4;21;2;NA;10000;NA;10000;NA;NA;NA;NA;250000;308685;80,9885789905908;"[{""adm1_code"":902,""adm1_name"":""Gansu Sheng""},{""adm1_code"":905,""adm1_name"":""Guizhou Sheng""},{""adm1_code"":920,""adm1_name"":""Shaanxi Sheng""},{""adm1_code"":923,""adm1_name"":""Shanxi Sheng""}]";"2015-05-20";"2023-09-25"
"113";"2015-0214-CHN";"No";"nat-met-sto-sev";"Natural";"Meteorological";"Storm";"Severe weather";NA;NA;"CHN";"China";"Eastern Asia";"Asia";"Yunnan Sheng, Sichuan Sheng, Guizhou Sheng, Guangxi Zhuangzu Zizhiqu, Hunan Sheng, Guangdong Sheng, Jiangxi Sheng, Anhui Sheng, Hubei Sheng, Shandong Sheng provinces";NA;"Hail|Lightening";"No";"No";"No";NA;NA;"Kph";NA;NA;NA;2015;5;7;2015;5;12;7;NA;76200;3600;79800;NA;NA;NA;NA;461000;569216;80,9885789905908;"[{""adm1_code"":898,""adm1_name"":""Anhui Sheng""},{""adm1_code"":903,""adm1_name"":""Guangdong Sheng""},{""adm1_code"":904,""adm1_name"":""Guangxi Zhuangzu Zizhiqu""},{""adm1_code"":905,""adm1_name"":""Guizhou Sheng""},{""adm1_code"":911,""adm1_name"":""Hubei Sheng""},{""adm1_code"":912,""adm1_name"":""Hunan Sheng""},{""adm1_code"":914,""adm1_name"":""Jiangxi Sheng""},{""adm1_code"":921,""adm1_name"":""Shandong Sheng""},{""adm1_code"":924,""adm1_name"":""Sichuan Sheng""},{""adm1_code"":929,""adm1_name"":""Yunnan Sheng""}]";"2015-06-05";"2023-09-25"
"114";"2015-0244-CHN";"No";"nat-met-sto-tro";"Natural";"Meteorological";"Storm";"Tropical cyclone";NA;"Typhoon Chan-Home";"CHN";"China";"Eastern Asia";"Asia";"Zhejiang Sheng province";NA;NA;"No";"No";"No";NA;NA;"Kph";NA;NA;NA;2015;7;11;2015;7;12;NA;NA;10800;3000;13800;NA;NA;NA;NA;940000;1160657;80,9885789905908;"[{""adm1_code"":930,""adm1_name"":""Zhejiang Sheng""}]";"2015-07-14";"2023-09-25"
"115";"2015-0251-CHN";"No";"nat-met-sto-sev";"Natural";"Meteorological";"Storm";"Severe weather";NA;NA;"CHN";"China";"Eastern Asia";"Asia";"Gansu Sheng, Heilongjiang Sheng, Nei Mongol Zizhiqu, Ningxia Huizu Zizhiqu, Qinghai Sheng, Shaanxi Sheng provinces";NA;"Hail|Lightening";"No";"No";"No";NA;NA;"Kph";NA;NA;NA;2015;6;21;2015;6;23;NA;NA;300;NA;300;NA;NA;NA;NA;145000;179038;80,9885789905908;"[{""adm1_code"":902,""adm1_name"":""Gansu Sheng""},{""adm1_code"":908,""adm1_name"":""Heilongjiang Sheng""},{""adm1_code"":917,""adm1_name"":""Nei Mongol Zizhiqu""},{""adm1_code"":918,""adm1_name"":""Ningxia Huizu Zizhiqu""},{""adm1_code"":919,""adm1_name"":""Qinghai Sheng""},{""adm1_code"":920,""adm1_name"":""Shaanxi Sheng""}]";"2015-07-15";"2023-09-25"
"116";"2015-0252-CHN";"No";"nat-met-sto-tro";"Natural";"Meteorological";"Storm";"Tropical cyclone";"DFO:4268";"Tropical storm Kujira";"CHN";"China";"Eastern Asia";"Asia";"Hainan Sheng province";NA;"Flood";"No";"No";"No";NA;NA;"Kph";NA;NA;NA;2015;6;22;2015;6;22;NA;NA;193000;NA;193000;NA;NA;NA;NA;11000;13582;80,9885789905908;"[{""adm1_code"":906,""adm1_name"":""Hainan Sheng""}]";"2015-07-15";"2023-09-25"
"117";"2015-0278-CHN";"No";"nat-met-sto-tro";"Natural";"Meteorological";"Storm";"Tropical cyclone";NA;"Tropical cyclone Linfa (Egay)";"CHN";"China";"Eastern Asia";"Asia";"Guangdong Sheng province";NA;NA;"No";"No";"No";NA;NA;"Kph";NA;NA;NA;2015;7;9;2015;7;9;NA;NA;56000;NA;56000;NA;NA;NA;NA;213000;263000;80,9885789905908;"[{""adm1_code"":903,""adm1_name"":""Guangdong Sheng""}]";"2015-07-23";"2023-09-25"
"118";"2015-0334-CHN";"No";"nat-met-sto-sev";"Natural";"Meteorological";"Storm";"Severe weather";NA;NA;"CHN";"China";"Eastern Asia";"Asia";"Gansu Sheng, Hebei Sheng, Henan Sheng, Nei Mongol Zizhiqu, Hubei Sheng, Shaanxi Sheng provinces";NA;"Lightening";"No";"No";"No";NA;NA;"Kph";NA;NA;NA;2015;7;13;2015;7;14;6;NA;110000;NA;110000;NA;NA;NA;NA;85000;104953;80,9885789905908;"[{""adm1_code"":902,""adm1_name"":""Gansu Sheng""},{""adm1_code"":907,""adm1_name"":""Hebei Sheng""},{""adm1_code"":909,""adm1_name"":""Henan Sheng""},{""adm1_code"":911,""adm1_name"":""Hubei Sheng""},{""adm1_code"":917,""adm1_name"":""Nei Mongol Zizhiqu""},{""adm1_code"":920,""adm1_name"":""Shaanxi Sheng""}]";"2015-08-10";"2023-09-25"
"119";"2015-0339-CHN";"No";"nat-met-sto-tro";"Natural";"Meteorological";"Storm";"Tropical cyclone";NA;"Typhoon 'Soudelor' (Hanna)";"CHN";"China";"Eastern Asia";"Asia";"Zheijiang Sheng, Fujian Sheng, Jiangxi Sheng, Anhui Sheng provinces";NA;"Flood";"No";"No";"No";NA;230;"Kph";NA;NA;NA;2015;8;9;2015;8;9;18;NA;1580000;NA;1580000;NA;NA;NA;NA;1282690;1583791;80,9885789905908;"[{""adm1_code"":898,""adm1_name"":""Anhui Sheng""},{""adm1_code"":901,""adm1_name"":""Fujian Sheng""},{""adm1_code"":914,""adm1_name"":""Jiangxi Sheng""},{""adm1_code"":930,""adm1_name"":""Zhejiang Sheng""}]";"2015-08-10";"2023-09-25"
"120";"2015-0458-CHN";"No";"nat-met-sto-tro";"Natural";"Meteorological";"Storm";"Tropical cyclone";NA;"Typhoon Dujuan";"CHN";"China";"Eastern Asia";"Asia";"Fujian Sheng, Zhejiang Sheng provinces";NA;NA;"No";"No";"No";NA;NA;"Kph";NA;NA;NA;2015;9;28;2015;9;28;NA;NA;NA;NA;NA;NA;NA;79000;97545;661000;816164;80,9885789905908;"[{""adm1_code"":901,""adm1_name"":""Fujian Sheng""},{""adm1_code"":930,""adm1_name"":""Zhejiang Sheng""}]";"2015-10-13";"2023-09-25"
"121";"2015-0490-CHN";"No";"nat-met-sto-tro";"Natural";"Meteorological";"Storm";"Tropical cyclone";NA;"Typhoon Mujigae";"CHN";"China";"Eastern Asia";"Asia";"Guangxi Zhuangzu Zizhiqu, Guangdong Sheng, Hainan Sheng provinces";NA;NA;"No";"No";"No";NA;NA;"Kph";NA;NA;NA;2015;10;4;2015;10;4;20;NA;52500;25800;78300;NA;NA;NA;NA;4200000;5185916;80,9885789905908;"[{""adm1_code"":903,""adm1_name"":""Guangdong Sheng""},{""adm1_code"":904,""adm1_name"":""Guangxi Zhuangzu Zizhiqu""},{""adm1_code"":906,""adm1_name"":""Hainan Sheng""}]";"2015-11-09";"2023-09-25"
"122";"2015-0491-CHN";"No";"nat-met-sto-sev";"Natural";"Meteorological";"Storm";"Severe weather";NA;NA;"CHN";"China";"Eastern Asia";"Asia";"Yunnan Sheng province";NA;NA;"No";"No";"No";NA;NA;"Kph";NA;NA;NA;2015;10;6;2015;10;11;14;NA;14700;900;15600;NA;NA;NA;NA;43000;53094;80,9885789905908;"[{""adm1_code"":929,""adm1_name"":""Yunnan Sheng""}]";"2015-11-09";"2023-09-25"
"123";"2016-0140-CHN";"No";"nat-met-sto-lig";"Natural";"Meteorological";"Storm";"Lightning/Thunderstorms";NA;NA;"CHN";"China";"Eastern Asia";"Asia";"Hubei Sheng, Henan Sheng, Shaanxi Sheng, Guangxi Zhuangzu Zizhiqu, Guizhou Sheng, Shandong Sheng provinces";NA;"Hail";"No";"No";"No";NA;NA;"Kph";NA;NA;NA;2016;4;24;2016;4;27;NA;49;6000;NA;6049;NA;NA;NA;NA;202000;246310;82,010330903136;"[{""adm1_code"":904,""adm1_name"":""Guangxi Zhuangzu Zizhiqu""},{""adm1_code"":905,""adm1_name"":""Guizhou Sheng""},{""adm1_code"":909,""adm1_name"":""Henan Sheng""},{""adm1_code"":911,""adm1_name"":""Hubei Sheng""},{""adm1_code"":920,""adm1_name"":""Shaanxi Sheng""},{""adm1_code"":921,""adm1_name"":""Shandong Sheng""}]";"2016-05-10";"2023-09-25"
"124";"2016-0209-CHN";"No";"nat-met-sto-tor";"Natural";"Meteorological";"Storm";"Tornado";NA;NA;"CHN";"China";"Eastern Asia";"Asia";"Jiangsu Sheng, Xinjinag Uygur Zizhiqu, Jilin Sheng, Liaoning Sheng, Beijing Shi provinces";NA;NA;"No";"No";"No";NA;125;"Kph";NA;NA;NA;2016;6;24;2016;6;24;102;1000;45000;NA;46000;NA;NA;NA;NA;302000;368246;82,010330903136;"[{""adm1_code"":899,""adm1_name"":""Beijing Shi""},{""adm1_code"":913,""adm1_name"":""Jiangsu Sheng""},{""adm1_code"":915,""adm1_name"":""Jilin Sheng""},{""adm1_code"":916,""adm1_name"":""Liaoning Sheng""},{""adm1_code"":927,""adm1_name"":""Xinjiang Uygur Zizhiqu""}]";"2016-07-06";"2023-09-25"
"125";"2016-0230-CHN";"No";"nat-met-sto-sto";"Natural";"Meteorological";"Storm";"Storm (General)";NA;NA;"CHN";"China";"Eastern Asia";"Asia";"Shanxi Sheng, Henan Sheng, Hebei Sheng, Hubei Sheng, Sichuan Sheng, Shanxi Sheng, Jilin Sheng, Gansu Sheng, Guangdong Sheng, Guangxi Zhuangzu Zizhiqu, Hainan Sheng provinces";NA;"Hail";"No";"No";"No";NA;NA;"Kph";NA;NA;NA;2016;6;2;2016;6;8;12;NA;150000;NA;150000;NA;NA;NA;NA;768000;936467;82,010330903136;"[{""adm1_code"":902,""adm1_name"":""Gansu Sheng""},{""adm1_code"":903,""adm1_name"":""Guangdong Sheng""},{""adm1_code"":904,""adm1_name"":""Guangxi Zhuangzu Zizhiqu""},{""adm1_code"":906,""adm1_name"":""Hainan Sheng""},{""adm1_code"":907,""adm1_name"":""Hebei Sheng""},{""adm1_code"":909,""adm1_name"":""Henan Sheng""},{""adm1_code"":911,""adm1_name"":""Hubei Sheng""},{""adm1_code"":915,""adm1_name"":""Jilin Sheng""},{""adm1_code"":920,""adm1_name"":""Shaanxi Sheng""},{""adm1_code"":923,""adm1_name"":""Shanxi Sheng""},{""adm1_code"":924,""adm1_name"":""Sichuan Sheng""}]";"2016-07-12";"2023-09-25"
"126";"2016-0235-CHN";"No";"nat-met-sto-sto";"Natural";"Meteorological";"Storm";"Storm (General)";NA;NA;"CHN";"China";"Eastern Asia";"Asia";"Yancheng city (Jiangsu Sheng province), Xinjinag Uygur Zizhiqu, Jilin Sheng, Liaoning Sheng, Beijing Shi provinces";NA;NA;"No";"No";"No";NA;NA;"Kph";NA;NA;NA;2016;6;16;2016;6;23;99;846;45000;NA;45846;NA;NA;NA;NA;5e+05;609679;82,010330903136;"[{""adm1_code"":899,""adm1_name"":""Beijing Shi""},{""adm1_code"":913,""adm1_name"":""Jiangsu Sheng""},{""adm1_code"":915,""adm1_name"":""Jilin Sheng""},{""adm1_code"":916,""adm1_name"":""Liaoning Sheng""},{""adm1_code"":927,""adm1_name"":""Xinjiang Uygur Zizhiqu""}]";"2016-07-13";"2023-09-25"
"127";"2016-0256-CHN";"No";"nat-met-sto-tro";"Natural";"Meteorological";"Storm";"Tropical cyclone";NA;"Typhoon Butchoy (Nepartak)";"CHN";"China";"Eastern Asia";"Asia";"Fujian Sheng province";NA;"Flood";"No";"No";"No";NA;NA;"Kph";NA;NA;NA;2016;7;9;2016;7;9;69;NA;NA;24900;24900;NA;NA;NA;NA;1511160;1842646;82,010330903136;"[{""adm1_code"":901,""adm1_name"":""Fujian Sheng""}]";"2016-08-02";"2023-09-25"
"128";"2016-0340-CHN";"No";"nat-met-sto-lig";"Natural";"Meteorological";"Storm";"Lightning/Thunderstorms";NA;NA;"CHN";"China";"Eastern Asia";"Asia";"Shandong Sheng, Henan Sheng, Fujian Sheng, Hunan Sheng, Guangxi Zhuangzu Zizhiqu, Sichuan Sheng, Guizhou Sheng, Yunnan Sheng, Hebei Sheng, Nei Mongol Zizhiqu, Gansu Sheng, Qinghai Sheng provinces";NA;"Flood|Hail";"No";"No";"No";NA;NA;"Kph";NA;NA;NA;2016;9;8;2016;9;13;NA;NA;6000;NA;6000;NA;NA;NA;NA;175000;213388;82,010330903136;"[{""adm1_code"":901,""adm1_name"":""Fujian Sheng""},{""adm1_code"":902,""adm1_name"":""Gansu Sheng""},{""adm1_code"":904,""adm1_name"":""Guangxi Zhuangzu Zizhiqu""},{""adm1_code"":905,""adm1_name"":""Guizhou Sheng""},{""adm1_code"":907,""adm1_name"":""Hebei Sheng""},{""adm1_code"":909,""adm1_name"":""Henan Sheng""},{""adm1_code"":912,""adm1_name"":""Hunan Sheng""},{""adm1_code"":917,""adm1_name"":""Nei Mongol Zizhiqu""},{""adm1_code"":919,""adm1_name"":""Qinghai Sheng""},{""adm1_code"":921,""adm1_name"":""Shandong Sheng""},{""adm1_code"":924,""adm1_name"":""Sichuan Sheng""},{""adm1_code"":929,""adm1_name"":""Yunnan Sheng""}]";"2016-10-31";"2023-09-25"
"129";"2016-0342-CHN";"No";"nat-met-sto-tro";"Natural";"Meteorological";"Storm";"Tropical cyclone";NA;"Typhoon Ferdie (Meranti)";"CHN";"China";"Eastern Asia";"Asia";"Fujian Sheng province";NA;"Flood";"No";"No";"No";NA;NA;"Kph";NA;NA;NA;2016;9;15;2016;9;15;NA;NA;205500;NA;205500;NA;NA;101000;123155;2300000;2804525;82,010330903136;"[{""adm1_code"":901,""adm1_name"":""Fujian Sheng""}]";"2016-10-31";"2023-09-25"
"130";"2016-0350-CHN";"No";"nat-met-sto-tro";"Natural";"Meteorological";"Storm";"Tropical cyclone";NA;"Typhoon Megi";"CHN";"China";"Eastern Asia";"Asia";"Quanzhou district (Fujian Sheng province), Sucun village (Quzhou district, Zhejiang Sheng province), Baofeng village (Lishui district, Zhejiang Sheng province)";NA;"Slide (land, mud, snow, rock)";"No";"No";"No";NA;119;"Kph";NA;NA;NA;2016;9;28;2016;9;28;35;NA;36000;NA;36000;NA;NA;NA;NA;830000;1012068;82,010330903136;"[{""adm2_code"":13009,""adm2_name"":""Quanzhou""},{""adm2_code"":13326,""adm2_name"":""Quzhou""},{""adm2_code"":13329,""adm2_name"":""Lishui""}]";"2016-11-14";"2023-09-25"
"131";"2016-0363-CHN";"No";"nat-met-sto-tro";"Natural";"Meteorological";"Storm";"Tropical cyclone";"GLIDE:TC-2016-000108";"Typhoon Karen (Sarika)";"CHN";"China";"Eastern Asia";"Asia";"Hainan Sheng, Guangdong Sheng, Guangxi Zhuangzu Zizhiqu provinces";NA;NA;"No";"No";"No";NA;NA;"Kph";NA;NA;NA;2016;10;16;2016;10;19;NA;NA;NA;NA;NA;NA;NA;NA;NA;890000;1085229;82,010330903136;"[{""adm1_code"":903,""adm1_name"":""Guangdong Sheng""},{""adm1_code"":904,""adm1_name"":""Guangxi Zhuangzu Zizhiqu""},{""adm1_code"":906,""adm1_name"":""Hainan Sheng""}]";"2016-11-16";"2023-09-25"
"132";"2016-0371-CHN";"No";"nat-met-sto-sto";"Natural";"Meteorological";"Storm";"Storm (General)";NA;"Typhoon Carina (Nida)";"CHN";"China";"Eastern Asia";"Asia";"Guangdong Sheng province";NA;NA;"No";"No";"No";NA;NA;"Kph";NA;NA;NA;2016;8;2;2016;8;2;NA;NA;18000;NA;18000;NA;NA;NA;NA;123000;149981;82,010330903136;"[{""adm1_code"":903,""adm1_name"":""Guangdong Sheng""}]";"2016-11-17";"2023-09-25"
"133";"2016-0373-CHN";"No";"nat-met-sto-sev";"Natural";"Meteorological";"Storm";"Severe weather";NA;NA;"CHN";"China";"Eastern Asia";"Asia";"Fujian, Jiangxi, Henan, Hubei, Hunan, Sichuan, Guizhou, Yunnan, Hebei, Shanxi, Heilongjiang, Nei Mongol Zizhiqu, Liaoning Sheng provinces";NA;NA;"No";"No";"No";NA;NA;"Kph";NA;NA;NA;2016;8;4;2016;8;7;23;NA;14400;NA;14400;NA;NA;NA;NA;23000;28045;82,010330903136;"[{""adm1_code"":901,""adm1_name"":""Fujian Sheng""},{""adm1_code"":905,""adm1_name"":""Guizhou Sheng""},{""adm1_code"":907,""adm1_name"":""Hebei Sheng""},{""adm1_code"":908,""adm1_name"":""Heilongjiang Sheng""},{""adm1_code"":909,""adm1_name"":""Henan Sheng""},{""adm1_code"":911,""adm1_name"":""Hubei Sheng""},{""adm1_code"":912,""adm1_name"":""Hunan Sheng""},{""adm1_code"":914,""adm1_name"":""Jiangxi Sheng""},{""adm1_code"":916,""adm1_name"":""Liaoning Sheng""},{""adm1_code"":917,""adm1_name"":""Nei Mongol Zizhiqu""},{""adm1_code"":923,""adm1_name"":""Shanxi Sheng""},{""adm1_code"":924,""adm1_name"":""Sichuan Sheng""},{""adm1_code"":929,""adm1_name"":""Yunnan Sheng""}]";"2016-11-17";"2023-09-25"
"134";"2017-0110-CHN";"No";"nat-met-sto-sev";"Natural";"Meteorological";"Storm";"Severe weather";NA;NA;"CHN";"China";"Eastern Asia";"Asia";"Jiangsu, Henan provinces";NA;NA;"No";"No";"No";NA;NA;"Kph";NA;NA;NA;2017;3;1;2017;3;1;7;33;41100;NA;41133;NA;NA;NA;NA;28000;33430;83,7572545519631;"[{""adm1_code"":909,""adm1_name"":""Henan Sheng""},{""adm1_code"":913,""adm1_name"":""Jiangsu Sheng""}]";"2017-04-21";"2023-09-25"
"135";"2017-0143-CHN";"No";"nat-met-sto-lig";"Natural";"Meteorological";"Storm";"Lightning/Thunderstorms";NA;NA;"CHN";"China";"Eastern Asia";"Asia";"Chongqing, Henan, Hubei, Shaanxi, Sichuan provinces";NA;NA;"No";"No";"No";NA;NA;"Kph";NA;NA;NA;2017;4;15;2017;4;17;NA;NA;5000;NA;5000;NA;NA;NA;NA;2e+05;238785;83,7572545519631;"[{""adm1_code"":900,""adm1_name"":""Chongqing Shi""},{""adm1_code"":909,""adm1_name"":""Henan Sheng""},{""adm1_code"":911,""adm1_name"":""Hubei Sheng""},{""adm1_code"":920,""adm1_name"":""Shaanxi Sheng""},{""adm1_code"":924,""adm1_name"":""Sichuan Sheng""}]";"2017-05-18";"2023-09-25"
"136";"2017-0214-CHN";"No";"nat-met-sto-lig";"Natural";"Meteorological";"Storm";"Lightning/Thunderstorms";NA;NA;"CHN";"China";"Eastern Asia";"Asia";"Hubei, Hunan, Chongqing, Sichuan, Guizhou, Yunnan, Guangxi";"Mei-Yu";NA;"No";"No";"No";NA;NA;"Kph";NA;NA;NA;2017;5;20;2017;5;24;9;NA;NA;6000;6000;NA;NA;NA;NA;61000;72830;83,7572545519631;"[{""adm1_code"":900,""adm1_name"":""Chongqing Shi""},{""adm1_code"":904,""adm1_name"":""Guangxi Zhuangzu Zizhiqu""},{""adm1_code"":905,""adm1_name"":""Guizhou Sheng""},{""adm1_code"":911,""adm1_name"":""Hubei Sheng""},{""adm1_code"":912,""adm1_name"":""Hunan Sheng""},{""adm1_code"":924,""adm1_name"":""Sichuan Sheng""},{""adm1_code"":929,""adm1_name"":""Yunnan Sheng""}]";"2017-06-28";"2023-09-25"
"137";"2017-0281-CHN";"No";"nat-met-sto-tro";"Natural";"Meteorological";"Storm";"Tropical cyclone";NA;"Tropical Storm Talas";"CHN";"China";"Eastern Asia";"Asia";"Hainan Island";NA;NA;"No";"No";"No";NA;NA;"Kph";NA;NA;NA;2017;7;16;2017;7;17;NA;NA;30000;NA;30000;NA;NA;NA;NA;3600;4298;83,7572545519631;"[{""adm1_code"":906,""adm1_name"":""Hainan Sheng""}]";"2017-07-26";"2023-09-25"
"138";"2017-0284-CHN";"No";"nat-met-sto-lig";"Natural";"Meteorological";"Storm";"Lightning/Thunderstorms";NA;NA;"CHN";"China";"Eastern Asia";"Asia";"Hebei, Shanxi, Liaoning, Jilin (Jilin City), Heilongjiang, Shaanxi, Gansu, Ningxia Hui";"Thunderstorm";"Hail";"No";"No";"No";NA;NA;"Kph";NA;NA;NA;2017;7;13;2017;7;17;36;NA;174300;NA;174300;NA;NA;NA;NA;3400000;4059350;83,7572545519631;"[{""adm1_code"":902,""adm1_name"":""Gansu Sheng""},{""adm1_code"":907,""adm1_name"":""Hebei Sheng""},{""adm1_code"":908,""adm1_name"":""Heilongjiang Sheng""},{""adm1_code"":915,""adm1_name"":""Jilin Sheng""},{""adm1_code"":916,""adm1_name"":""Liaoning Sheng""},{""adm1_code"":918,""adm1_name"":""Ningxia Huizu Zizhiqu""},{""adm1_code"":920,""adm1_name"":""Shaanxi Sheng""},{""adm1_code"":923,""adm1_name"":""Shanxi Sheng""}]";"2017-07-31";"2023-09-25"
"139";"2017-0286-CHN";"No";"nat-met-sto-lig";"Natural";"Meteorological";"Storm";"Lightning/Thunderstorms";NA;NA;"CHN";"China";"Eastern Asia";"Asia";"Chen village in Taiping town, Yunnan, Guangxi Zhuang, Chongqing, Sichuan, Guizhou";NA;"Hail|Slide (land, mud, snow, rock)";"No";"No";"No";NA;NA;"Kph";NA;NA;NA;2017;7;14;2017;7;21;19;NA;13500;900;14400;NA;NA;NA;NA;76000;90738;83,7572545519631;NA;"2017-07-31";"2023-09-25"
"140";"2017-0326-CHN";"No";"nat-met-sto-tro";"Natural";"Meteorological";"Storm";"Tropical cyclone";NA;"Typhoon Nesat & Haitang";"CHN";"China";"Eastern Asia";"Asia";"Fujian province";NA;NA;"No";"No";"No";NA;NA;"Kph";NA;NA;NA;2017;8;3;2017;8;3;NA;NA;13200;600;13800;NA;NA;NA;NA;57000;68054;83,7572545519631;"[{""adm1_code"":901,""adm1_name"":""Fujian Sheng""}]";"2017-08-07";"2023-09-25"
"141";"2017-0352-CHN";"No";"nat-met-sto-tro";"Natural";"Meteorological";"Storm";"Tropical cyclone";NA;"Typhoon 'Hato'";"CHN";"China";"Eastern Asia";"Asia";"Southern, Guangdong, Guangxi Zhuang, and Fujian Provinces (Guanghai, Guangdong towns, Zhuhai, Shenzhen), Guizhou and Yunnan";NA;"Flood";"No";"No";"No";NA;NA;"Kph";NA;NA;NA;2017;8;24;2017;8;24;8;373;NA;21900;22273;NA;NA;250000;298482;3500000;4178743;83,7572545519631;"[{""adm1_code"":901,""adm1_name"":""Fujian Sheng""},{""adm1_code"":903,""adm1_name"":""Guangdong Sheng""},{""adm1_code"":904,""adm1_name"":""Guangxi Zhuangzu Zizhiqu""},{""adm1_code"":905,""adm1_name"":""Guizhou Sheng""},{""adm1_code"":929,""adm1_name"":""Yunnan Sheng""}]";"2017-08-25";"2023-09-25"
"142";"2017-0485-CHN";"No";"nat-met-sto-tro";"Natural";"Meteorological";"Storm";"Tropical cyclone";NA;"Tropical storm 'Pakhar'/'Jolina'";"CHN";"China";"Eastern Asia";"Asia";"Guangdong, Fujian, Guangxi Zhuang, Hainan, Yunnan";NA;NA;"No";"No";"No";NA;NA;"Kph";NA;NA;NA;2017;8;27;2017;8;27;12;NA;300;NA;300;NA;NA;NA;NA;56000;66860;83,7572545519631;"[{""adm1_code"":901,""adm1_name"":""Fujian Sheng""},{""adm1_code"":903,""adm1_name"":""Guangdong Sheng""},{""adm1_code"":904,""adm1_name"":""Guangxi Zhuangzu Zizhiqu""},{""adm1_code"":906,""adm1_name"":""Hainan Sheng""},{""adm1_code"":929,""adm1_name"":""Yunnan Sheng""}]";"2017-11-23";"2023-09-25"
"143";"2018-0050-CHN";"No";"nat-met-sto-bli";"Natural";"Meteorological";"Storm";"Blizzard/Winter storm";NA;NA;"CHN";"China";"Eastern Asia";"Asia";"Anhui, Chongqing, Guizhou, Henan, Hubei, Hunan, Jiangsu, Jiangxi, Shaanxi, Shanxi, Xinjiang";NA;NA;"No";"No";"No";NA;NA;"Kph";NA;NA;NA;2018;1;2;2018;1;5;21;NA;2500000;3700;2503700;NA;NA;NA;NA;854000;995303;85,8030260572654;"[{""adm1_code"":898,""adm1_name"":""Anhui Sheng""},{""adm1_code"":900,""adm1_name"":""Chongqing Shi""},{""adm1_code"":905,""adm1_name"":""Guizhou Sheng""},{""adm1_code"":909,""adm1_name"":""Henan Sheng""},{""adm1_code"":911,""adm1_name"":""Hubei Sheng""},{""adm1_code"":912,""adm1_name"":""Hunan Sheng""},{""adm1_code"":913,""adm1_name"":""Jiangsu Sheng""},{""adm1_code"":914,""adm1_name"":""Jiangxi Sheng""},{""adm1_code"":920,""adm1_name"":""Shaanxi Sheng""},{""adm1_code"":923,""adm1_name"":""Shanxi Sheng""},{""adm1_code"":927,""adm1_name"":""Xinjiang Uygur Zizhiqu""}]";"2018-02-27";"2023-09-25"
"144";"2018-0053-CHN";"No";"nat-met-sto-bli";"Natural";"Meteorological";"Storm";"Blizzard/Winter storm";NA;NA;"CHN";"China";"Eastern Asia";"Asia";"Anhui, Hunan, Hubei, Jiangsu";NA;"Cold wave";"No";"No";"No";NA;NA;"Kph";NA;NA;NA;2018;1;24;2018;1;29;2;NA;7500;NA;7500;NA;NA;NA;NA;1450000;1689917;85,8030260572654;"[{""adm1_code"":898,""adm1_name"":""Anhui Sheng""},{""adm1_code"":911,""adm1_name"":""Hubei Sheng""},{""adm1_code"":912,""adm1_name"":""Hunan Sheng""},{""adm1_code"":913,""adm1_name"":""Jiangsu Sheng""}]";"2018-02-27";"2023-09-25"
"145";"2018-0118-CHN";"No";"nat-met-sto-lig";"Natural";"Meteorological";"Storm";"Lightning/Thunderstorms";NA;NA;"CHN";"China";"Eastern Asia";"Asia";"Jiangxi, Zheijiang, Anhui";NA;NA;"No";"No";"No";NA;NA;"Kph";NA;NA;NA;2018;3;3;2018;3;3;14;NA;177000;NA;177000;NA;NA;NA;NA;147000;171323;85,8030260572654;"[{""adm1_code"":898,""adm1_name"":""Anhui Sheng""},{""adm1_code"":914,""adm1_name"":""Jiangxi Sheng""},{""adm1_code"":930,""adm1_name"":""Zhejiang Sheng""}]";"2018-04-16";"2023-09-25"
"146";"2018-0201-CHN";"No";"nat-met-sto-tro";"Natural";"Meteorological";"Storm";"Tropical cyclone";NA;"Tropical storm 'Ewiniar'";"CHN";"China";"Eastern Asia";"Asia";"Guangdong, Jiangxi, Fujian, and Zhejiang provinces, Hainan Island";NA;NA;"No";"No";"No";NA;NA;"Kph";NA;NA;NA;2018;7;19;2018;7;19;14;NA;16200;NA;16200;NA;NA;NA;NA;570000;664312;85,8030260572654;"[{""adm1_code"":901,""adm1_name"":""Fujian Sheng""},{""adm1_code"":903,""adm1_name"":""Guangdong Sheng""},{""adm1_code"":906,""adm1_name"":""Hainan Sheng""},{""adm1_code"":914,""adm1_name"":""Jiangxi Sheng""},{""adm1_code"":930,""adm1_name"":""Zhejiang Sheng""}]";"2018-07-19";"2023-09-25"
"147";"2018-0285-CHN";"No";"nat-met-sto-tro";"Natural";"Meteorological";"Storm";"Tropical cyclone";NA;"Typhoon 'Maria' (Gardo)";"CHN";"China";"Eastern Asia";"Asia";"Fujian province";NA;"Flood";"No";"No";"No";NA;NA;"Kph";NA;NA;NA;2018;7;10;2018;7;11;NA;NA;45000;NA;45000;NA;NA;NA;NA;490000;571075;85,8030260572654;"[{""adm1_code"":901,""adm1_name"":""Fujian Sheng""}]";"2018-08-09";"2023-09-25"
"148";"2018-0287-CHN";"No";"nat-met-sto-tro";"Natural";"Meteorological";"Storm";"Tropical cyclone";NA;"Tropical storm 'Ampil' (Inday)";"CHN";"China";"Eastern Asia";"Asia";"Shangai, iJiangsu, Zhejiang, Shandong, Hebei";NA;NA;"No";"No";"No";NA;NA;"Kph";NA;NA;NA;2018;7;22;2018;7;22;1;NA;18000;NA;18000;NA;NA;NA;NA;240000;279710;85,8030260572654;"[{""adm1_code"":907,""adm1_name"":""Hebei Sheng""},{""adm1_code"":913,""adm1_name"":""Jiangsu Sheng""},{""adm1_code"":921,""adm1_name"":""Shandong Sheng""},{""adm1_code"":922,""adm1_name"":""Shanghai Shi""},{""adm1_code"":930,""adm1_name"":""Zhejiang Sheng""}]";"2018-08-09";"2023-09-25"
"149";"2018-0305-CHN";"No";"nat-met-sto-tro";"Natural";"Meteorological";"Storm";"Tropical cyclone";NA;"Typhoon 'Bebinca'";"CHN";"China";"Eastern Asia";"Asia";"Guangdong, Hainan Provinces";NA;"Flood";"No";"No";"No";NA;NA;"Kph";NA;NA;NA;2018;8;15;2018;8;15;2;NA;NA;300;300;NA;NA;NA;NA;188000;219106;85,8030260572654;"[{""adm1_code"":903,""adm1_name"":""Guangdong Sheng""},{""adm1_code"":906,""adm1_name"":""Hainan Sheng""}]";"2018-09-19";"2023-09-25"
"150";"2018-0309-CHN";"No";"nat-met-sto-tro";"Natural";"Meteorological";"Storm";"Tropical cyclone";"GLIDE:TC-2018-000138";"Typhoon 'Soulik'";"CHN";"China";"Eastern Asia";"Asia";NA;NA;NA;"No";"No";"No";NA;NA;"Kph";NA;NA;NA;2018;8;22;2018;8;23;NA;NA;NA;NA;NA;NA;NA;NA;NA;79900;93120;85,8030260572654;NA;"2019-01-02";"2023-09-25"
"151";"2018-0341-CHN";"No";"nat-met-sto-tro";"Natural";"Meteorological";"Storm";"Tropical cyclone";"GLIDE:TC-2018-000149";"Typhoon Mangkut (Ompong)";"CHN";"China";"Eastern Asia";"Asia";"Shenzhen";NA;NA;"No";"No";"No";NA;NA;"Kph";NA;NA;NA;2018;9;10;2018;9;18;NA;NA;NA;NA;NA;NA;NA;NA;NA;770000;897404;85,8030260572654;"[{""adm2_code"":13030,""adm2_name"":""Shenzhen""}]";"2018-10-11";"2023-09-25"
"152";"2018-0347-CHN";"No";"nat-met-sto-tro";"Natural";"Meteorological";"Storm";"Tropical cyclone";NA;"Tropical Storm Yagi";"CHN";"China";"Eastern Asia";"Asia";"Zhejiang, Anhui, Jiangsu, Shandong provinces";NA;"Flood";"No";"No";"No";NA;NA;"Kph";NA;NA;NA;2018;8;12;2018;8;12;3;NA;2400;NA;2400;NA;NA;NA;NA;367000;427724;85,8030260572654;"[{""adm1_code"":898,""adm1_name"":""Anhui Sheng""},{""adm1_code"":913,""adm1_name"":""Jiangsu Sheng""},{""adm1_code"":921,""adm1_name"":""Shandong Sheng""},{""adm1_code"":930,""adm1_name"":""Zhejiang Sheng""}]";"2018-09-19";"2023-09-25"
"153";"2018-0348-CHN";"No";"nat-met-sto-tro";"Natural";"Meteorological";"Storm";"Tropical cyclone";NA;"Tropical storm Rumbia";"CHN";"China";"Eastern Asia";"Asia";"Shanghai, Jiangsu, Zhejiang, Anhui, Shandong, Henan";NA;"Flood";"No";"No";"No";NA;NA;"Kph";NA;NA;NA;2018;8;15;2018;8;17;53;NA;39600;NA;39600;NA;NA;NA;NA;5400000;6293484;85,8030260572654;"[{""adm1_code"":898,""adm1_name"":""Anhui Sheng""},{""adm1_code"":909,""adm1_name"":""Henan Sheng""},{""adm1_code"":913,""adm1_name"":""Jiangsu Sheng""},{""adm1_code"":921,""adm1_name"":""Shandong Sheng""},{""adm1_code"":922,""adm1_name"":""Shanghai Shi""},{""adm1_code"":930,""adm1_name"":""Zhejiang Sheng""}]";"2018-09-19";"2023-09-25"
"154";"2018-0474-CHN";"No";"nat-met-sto-bli";"Natural";"Meteorological";"Storm";"Blizzard/Winter storm";NA;NA;"CHN";"China";"Eastern Asia";"Asia";"Guangxi, Jiangxi, Zhejiang,Hunan, Hubei, Guizhou";NA;NA;"No";"No";"No";NA;NA;"Kph";NA;NA;NA;2018;12;27;2018;12;31;NA;NA;1800000;NA;1800000;NA;NA;NA;NA;119300;139039;85,8030260572654;"[{""adm1_code"":904,""adm1_name"":""Guangxi Zhuangzu Zizhiqu""},{""adm1_code"":905,""adm1_name"":""Guizhou Sheng""},{""adm1_code"":911,""adm1_name"":""Hubei Sheng""},{""adm1_code"":912,""adm1_name"":""Hunan Sheng""},{""adm1_code"":914,""adm1_name"":""Jiangxi Sheng""},{""adm1_code"":930,""adm1_name"":""Zhejiang Sheng""}]";"2019-01-22";"2023-09-25"
"155";"2019-0291-CHN";"No";"nat-met-sto-tor";"Natural";"Meteorological";"Storm";"Tornado";NA;NA;"CHN";"China";"Eastern Asia";"Asia";"Kaiyuan city (Liaoning Province)";NA;NA;"No";"No";"No";NA;NA;"Kph";NA;NA;NA;2019;7;3;2019;7;3;6;120;45000;NA;45120;NA;NA;NA;NA;145000;165984;87,3580067738847;"[{""adm2_code"":13188,""adm2_name"":""Tieling""}]";"2019-07-05";"2023-09-25"
"156";"2019-0387-CHN";"No";"nat-met-sto-tro";"Natural";"Meteorological";"Storm";"Tropical cyclone";NA;"Tropical cyclone Lekima (Hanna)";"CHN";"China";"Eastern Asia";"Asia";"Zhejiang and Shandong provinces";NA;"Flood|Slide (land, mud, snow, rock)";"No";"No";"No";NA;175;"Kph";NA;NA;NA;2019;8;10;2019;8;12;72;NA;108000;NA;108000;NA;NA;NA;NA;1e+07;11447148;87,3580067738847;"[{""adm1_code"":921,""adm1_name"":""Shandong Sheng""},{""adm1_code"":930,""adm1_name"":""Zhejiang Sheng""}]";"2019-08-16";"2023-09-25"
"157";"2019-0424-CHN";"No";"nat-met-sto-tro";"Natural";"Meteorological";"Storm";"Tropical cyclone";"GLIDE:TC-2019-000102";"Tropical cyclone 'Lingling'";"CHN";"China";"Eastern Asia";"Asia";NA;NA;NA;"No";"No";"No";NA;NA;"Kph";NA;NA;NA;2019;9;5;2019;9;8;NA;NA;NA;NA;NA;NA;NA;NA;NA;131000;149958;87,3580067738847;NA;"2019-10-28";"2023-09-25"
"158";"2019-0472-CHN";"No";"nat-met-sto-tro";"Natural";"Meteorological";"Storm";"Tropical cyclone";NA;"Tropical cyclone 'Mitag'";"CHN";"China";"Eastern Asia";"Asia";"Zhoushan";NA;NA;"No";"No";"No";NA;NA;"Kph";NA;NA;NA;2019;10;2;2019;10;2;3;NA;NA;NA;NA;NA;NA;NA;NA;263000;301060;87,3580067738847;"[{""adm2_code"":13327,""adm2_name"":""Zhoushan""}]";"2019-11-08";"2023-09-25"
"159";"2020-0241-CHN";"No";"nat-met-sto-sev";"Natural";"Meteorological";"Storm";"Severe weather";NA;NA;"CHN";"China";"Eastern Asia";"Asia";NA;NA;NA;"No";"No";"No";NA;NA;"Kph";NA;NA;NA;2020;5;1;2020;5;31;20;NA;6e+05;NA;6e+05;NA;NA;NA;NA;1100000;1243842;88,4356408059335;NA;"2020-06-10";"2023-09-25"
"160";"2020-0355-CHN";"No";"nat-met-sto-tro";"Natural";"Meteorological";"Storm";"Tropical cyclone";NA;"Tropical cyclone 'Mekkhala' (Ferdie)";"CHN";"China";"Eastern Asia";"Asia";"Zhangzhou Prefecture (Fujian province)";NA;NA;"No";"No";"No";NA;NA;"Kph";NA;NA;NA;2020;8;10;2020;8;11;NA;NA;12235;NA;12235;NA;NA;NA;NA;161000;182053;88,4356408059335;"[{""adm2_code"":13010,""adm2_name"":""Zhangzhou""}]";"2020-08-12";"2023-09-25"
"161";"2020-0425-CHN";"No";"nat-met-sto-tro";"Natural";"Meteorological";"Storm";"Tropical cyclone";NA;"Tropical storm 'Nangka' (Nika)";"CHN";"China";"Eastern Asia";"Asia";"Hainan Island (southern China)";NA;"Transport accident";"No";"No";"No";NA;NA;"Kph";NA;NA;NA;2020;10;13;2020;10;14;6;NA;NA;NA;NA;NA;NA;NA;NA;14000;15831;88,4356408059335;"[{""adm1_code"":906,""adm1_name"":""Hainan Sheng""}]";"2020-10-14";"2023-09-25"
"162";"2021-0248-CHN";"No";"nat-met-sto-lig";"Natural";"Meteorological";"Storm";"Lightning/Thunderstorms";NA;NA;"CHN";"China";"Eastern Asia";"Asia";"Nantong (near Shangai); Jiangsu province";NA;"Lightening|Transport accident";"No";"No";"No";NA;NA;"Kph";NA;NA;NA;2021;4;30;2021;5;1;11;66;13600;NA;13666;NA;NA;NA;NA;2500;2700;92,5901929309929;"[{""adm2_code"":13149,""adm2_name"":""Nantong""}]";"2021-05-10";"2023-09-25"
"163";"2021-0255-CHN";"No";"nat-met-sto-tor";"Natural";"Meteorological";"Storm";"Tornado";NA;NA;"CHN";"China";"Eastern Asia";"Asia";"Hubei Province; Suzhou City (Jiangsu Province)";NA;NA;"No";"No";"No";NA;NA;"Kph";NA;NA;NA;2021;5;13;2021;5;15;12;249;80052;NA;80301;NA;NA;NA;NA;96000;103683;92,5901929309929;"[{""adm1_code"":911,""adm1_name"":""Hubei Sheng""},{""adm2_code"":13148,""adm2_name"":""Suzhou""}]";"2021-05-17";"2023-09-25"
"164";"2021-0498-CHN";"No";"nat-met-sto-tro";"Natural";"Meteorological";"Storm";"Tropical cyclone";NA;"Typoon 'In-Fa'";"CHN";"China";"Eastern Asia";"Asia";"Zhejiang Province";NA;NA;"No";"No";"No";NA;176;"Kph";NA;NA;NA;2021;7;21;2021;7;28;5;NA;72000;NA;72000;NA;NA;NA;NA;2e+06;2160056;92,5901929309929;"[{""adm1_code"":930,""adm1_name"":""Zhejiang Sheng""}]";"2021-08-12";"2023-09-25"
"165";"2021-0732-CHN";"No";"nat-met-sto-bli";"Natural";"Meteorological";"Storm";"Blizzard/Winter storm";NA;NA;"CHN";"China";"Eastern Asia";"Asia";"Tongliao City area (Inner Mongolia Autonomous Region); Liaoning, Jilin, and Heilongjiang.";NA;NA;"No";"No";"No";NA;NA;"Kph";NA;NA;NA;2021;11;5;2021;11;9;1;NA;5600;NA;5600;NA;NA;NA;NA;935000;1009826;92,5901929309929;"[{""adm1_code"":908,""adm1_name"":""Heilongjiang Sheng""},{""adm1_code"":915,""adm1_name"":""Jilin Sheng""},{""adm1_code"":916,""adm1_name"":""Liaoning Sheng""},{""adm2_code"":13197,""adm2_name"":""Tongliao""}]";"2021-11-09";"2023-09-25"
"166";"2022-0397-CHN";"No";"nat-met-sto-tro";"Natural";"Meteorological";"Storm";"Tropical cyclone";NA;"Tropical storm 'Chaba'";"CHN";"China";"Eastern Asia";"Asia";"Hainan Island, Guangxi, and Guangdong Provinces";NA;"Transport accident";"No";"No";"No";NA;144;"Kph";NA;NA;NA;2022;7;1;2022;7;4;24;NA;NA;NA;NA;NA;NA;NA;NA;463000;463000;100;"[{""adm1_code"":903,""adm1_name"":""Guangdong Sheng""},{""adm1_code"":904,""adm1_name"":""Guangxi Zhuangzu Zizhiqu""},{""adm1_code"":906,""adm1_name"":""Hainan Sheng""}]";"2022-07-05";"2023-09-26"
